numfips,csa_f_a,name_csa_f_a
46013,10100,"Aberdeen, SD"
46045,10100,"Aberdeen, SD"
53027,10140,"Aberdeen, WA"
48059,10180,"Abilene, TX"
48253,10180,"Abilene, TX"
48441,10180,"Abilene, TX"
40123,10220,"Ada, OK"
26091,100220,"Detroit-Warren-Ann Arbor, MI"
72003,10380,"Aguadilla-Isabela, PR"
72005,10380,"Aguadilla-Isabela, PR"
72011,10380,"Aguadilla-Isabela, PR"
72071,10380,"Aguadilla-Isabela, PR"
72081,10380,"Aguadilla-Isabela, PR"
72099,10380,"Aguadilla-Isabela, PR"
72117,10380,"Aguadilla-Isabela, PR"
72131,10380,"Aguadilla-Isabela, PR"
72141,10380,"Aguadilla-Isabela, PR"
39133,100184,"Cleveland-Akron-Canton, OH"
39153,100184,"Cleveland-Akron-Canton, OH"
35035,10460,"Alamogordo, NM"
13095,10500,"Albany, GA"
13177,10500,"Albany, GA"
13273,10500,"Albany, GA"
13321,10500,"Albany, GA"
41043,100440,"Portland-Vancouver-Salem, OR-WA"
36001,100104,"Albany-Schenectady, NY"
36083,100104,"Albany-Schenectady, NY"
36091,100104,"Albany-Schenectady, NY"
36093,100104,"Albany-Schenectady, NY"
36095,100104,"Albany-Schenectady, NY"
37167,100172,"Charlotte-Concord, NC-SC"
27047,10660,"Albert Lea, MN"
1095,10700,"Albertville, AL"
35001,100106,"Albuquerque-Santa Fe-Las Vegas, NM"
35043,100106,"Albuquerque-Santa Fe-Las Vegas, NM"
35057,100106,"Albuquerque-Santa Fe-Las Vegas, NM"
35061,100106,"Albuquerque-Santa Fe-Las Vegas, NM"
1037,100388,"Montgomery-Selma-Alexander City, AL"
1123,100388,"Montgomery-Selma-Alexander City, AL"
22043,10780,"Alexandria, LA"
22079,10780,"Alexandria, LA"
27041,10820,"Alexandria, MN"
48131,100204,"Corpus Christi-Kingsville-Alice, TX"
48249,100204,"Corpus Christi-Kingsville-Alice, TX"
34041,10900,"Allentown-Bethlehem-Easton, PA-NJ"
42025,10900,"Allentown-Bethlehem-Easton, PA-NJ"
42077,10900,"Allentown-Bethlehem-Easton, PA-NJ"
42095,10900,"Allentown-Bethlehem-Easton, PA-NJ"
26057,100394,"Mount Pleasant-Alma, MI"
26007,10980,"Alpena, MI"
42013,100107,"Altoona-Huntingdon, PA"
40065,11060,"Altus, OK"
48011,100108,"Amarillo-Pampa-Borger, TX"
48065,100108,"Amarillo-Pampa-Borger, TX"
48359,100108,"Amarillo-Pampa-Borger, TX"
48375,100108,"Amarillo-Pampa-Borger, TX"
48381,100108,"Amarillo-Pampa-Borger, TX"
13249,11140,"Americus, GA"
13261,11140,"Americus, GA"
19015,100218,"Des Moines-Ames-West Des Moines, IA"
19169,100218,"Des Moines-Ames-West Des Moines, IA"
36057,100104,"Albany-Schenectady, NY"
2020,11260,"Anchorage, AK"
2170,11260,"Anchorage, AK"
48003,11380,"Andrews, TX"
18151,100258,"Fort Wayne-Huntington-Auburn, IN"
26161,100220,"Detroit-Warren-Ann Arbor, MI"
1015,11500,"Anniston-Oxford, AL"
55015,100118,"Appleton-Oshkosh-Neenah, WI"
55087,100118,"Appleton-Oshkosh-Neenah, WI"
12027,100412,"North Port-Sarasota, FL"
40019,11620,"Ardmore, OK"
40085,11620,"Ardmore, OK"
72013,100490,"San Juan-Bayamón, PR"
72027,100490,"San Juan-Bayamón, PR"
72065,100490,"San Juan-Bayamón, PR"
72115,100490,"San Juan-Bayamón, PR"
5019,11660,"Arkadelphia, AR"
37021,100120,"Asheville-Marion-Brevard, NC"
37087,100120,"Asheville-Marion-Brevard, NC"
37089,100120,"Asheville-Marion-Brevard, NC"
37115,100120,"Asheville-Marion-Brevard, NC"
39005,100360,"Mansfield-Ashland-Bucyrus, OH"
39007,100184,"Cleveland-Akron-Canton, OH"
41007,11820,"Astoria, OR"
20005,100312,"Kansas City-Overland Park-Kansas City, MO-KS"
39009,11900,"Athens, OH"
47107,100174,"Chattanooga-Cleveland-Dalton, TN-GA"
48213,100206,"Dallas-Fort Worth, TX-OK"
13059,100122,"Atlanta--Athens-Clarke County--Sandy Springs, GA-AL"
13195,100122,"Atlanta--Athens-Clarke County--Sandy Springs, GA-AL"
13219,100122,"Atlanta--Athens-Clarke County--Sandy Springs, GA-AL"
13221,100122,"Atlanta--Athens-Clarke County--Sandy Springs, GA-AL"
13013,100122,"Atlanta--Athens-Clarke County--Sandy Springs, GA-AL"
13015,100122,"Atlanta--Athens-Clarke County--Sandy Springs, GA-AL"
13035,100122,"Atlanta--Athens-Clarke County--Sandy Springs, GA-AL"
13045,100122,"Atlanta--Athens-Clarke County--Sandy Springs, GA-AL"
13057,100122,"Atlanta--Athens-Clarke County--Sandy Springs, GA-AL"
13063,100122,"Atlanta--Athens-Clarke County--Sandy Springs, GA-AL"
13067,100122,"Atlanta--Athens-Clarke County--Sandy Springs, GA-AL"
13077,100122,"Atlanta--Athens-Clarke County--Sandy Springs, GA-AL"
13085,100122,"Atlanta--Athens-Clarke County--Sandy Springs, GA-AL"
13089,100122,"Atlanta--Athens-Clarke County--Sandy Springs, GA-AL"
13097,100122,"Atlanta--Athens-Clarke County--Sandy Springs, GA-AL"
13113,100122,"Atlanta--Athens-Clarke County--Sandy Springs, GA-AL"
13117,100122,"Atlanta--Athens-Clarke County--Sandy Springs, GA-AL"
13121,100122,"Atlanta--Athens-Clarke County--Sandy Springs, GA-AL"
13135,100122,"Atlanta--Athens-Clarke County--Sandy Springs, GA-AL"
13143,100122,"Atlanta--Athens-Clarke County--Sandy Springs, GA-AL"
13149,100122,"Atlanta--Athens-Clarke County--Sandy Springs, GA-AL"
13151,100122,"Atlanta--Athens-Clarke County--Sandy Springs, GA-AL"
13159,100122,"Atlanta--Athens-Clarke County--Sandy Springs, GA-AL"
13171,100122,"Atlanta--Athens-Clarke County--Sandy Springs, GA-AL"
13199,100122,"Atlanta--Athens-Clarke County--Sandy Springs, GA-AL"
13211,100122,"Atlanta--Athens-Clarke County--Sandy Springs, GA-AL"
13217,100122,"Atlanta--Athens-Clarke County--Sandy Springs, GA-AL"
13223,100122,"Atlanta--Athens-Clarke County--Sandy Springs, GA-AL"
13227,100122,"Atlanta--Athens-Clarke County--Sandy Springs, GA-AL"
13231,100122,"Atlanta--Athens-Clarke County--Sandy Springs, GA-AL"
13247,100122,"Atlanta--Athens-Clarke County--Sandy Springs, GA-AL"
13255,100122,"Atlanta--Athens-Clarke County--Sandy Springs, GA-AL"
13297,100122,"Atlanta--Athens-Clarke County--Sandy Springs, GA-AL"
34001,100428,"Philadelphia-Reading-Camden, PA-NJ-DE-MD"
1053,100426,"Pensacola-Ferry Pass, FL-AL"
18033,100258,"Fort Wayne-Huntington-Auburn, IN"
36011,100532,"Syracuse-Auburn, NY"
1081,100194,"Columbus-Auburn-Opelika, GA-AL"
13033,12260,"Augusta-Richmond County, GA-SC"
13073,12260,"Augusta-Richmond County, GA-SC"
13181,12260,"Augusta-Richmond County, GA-SC"
13189,12260,"Augusta-Richmond County, GA-SC"
13245,12260,"Augusta-Richmond County, GA-SC"
45003,12260,"Augusta-Richmond County, GA-SC"
45037,12260,"Augusta-Richmond County, GA-SC"
23011,12300,"Augusta-Waterville, ME"
27099,100462,"Rochester-Austin, MN"
48021,12420,"Austin-Round Rock-Georgetown, TX"
48055,12420,"Austin-Round Rock-Georgetown, TX"
48209,12420,"Austin-Round Rock-Georgetown, TX"
48453,12420,"Austin-Round Rock-Georgetown, TX"
48491,12420,"Austin-Round Rock-Georgetown, TX"
13087,12460,"Bainbridge, GA"
6029,12540,"Bakersfield, CA"
24003,100548,"Washington-Baltimore-Arlington, DC-MD-VA-WV-PA"
24005,100548,"Washington-Baltimore-Arlington, DC-MD-VA-WV-PA"
24013,100548,"Washington-Baltimore-Arlington, DC-MD-VA-WV-PA"
24025,100548,"Washington-Baltimore-Arlington, DC-MD-VA-WV-PA"
24027,100548,"Washington-Baltimore-Arlington, DC-MD-VA-WV-PA"
24035,100548,"Washington-Baltimore-Arlington, DC-MD-VA-WV-PA"
24510,100548,"Washington-Baltimore-Arlington, DC-MD-VA-WV-PA"
23019,12620,"Bangor, ME"
55111,100357,"Madison-Janesville-Beloit, WI"
21179,100350,"Louisville/Jefferson County--Elizabethtown--Bardstown, KY-IN"
25001,100148,"Boston-Worcester-Providence, MA-RI-NH-CT"
50023,100162,"Burlington-South Burlington-Barre, VT"
40147,100538,"Tulsa-Muskogee-Bartlesville, OK"
36037,100464,"Rochester-Batavia-Seneca Falls, NY"
5063,12900,"Batesville, AR"
5135,12900,"Batesville, AR"
22005,12940,"Baton Rouge, LA"
22007,12940,"Baton Rouge, LA"
22033,12940,"Baton Rouge, LA"
22037,12940,"Baton Rouge, LA"
22047,12940,"Baton Rouge, LA"
22063,12940,"Baton Rouge, LA"
22077,12940,"Baton Rouge, LA"
22091,12940,"Baton Rouge, LA"
22121,12940,"Baton Rouge, LA"
22125,12940,"Baton Rouge, LA"
26025,100310,"Kalamazoo-Battle Creek-Portage, MI"
26017,100474,"Saginaw-Midland-Bay City, MI"
48321,100288,"Houston-The Woodlands, TX"
31067,100339,"Lincoln-Beatrice, NE"
48199,13140,"Beaumont-Port Arthur, TX"
48245,13140,"Beaumont-Port Arthur, TX"
48361,13140,"Beaumont-Port Arthur, TX"
55027,100376,"Milwaukee-Racine-Waukesha, WI"
54019,13220,"Beckley, WV"
54081,13220,"Beckley, WV"
18093,100144,"Bloomington-Bedford, IN"
48025,13300,"Beeville, TX"
39091,100198,"Columbus-Marion-Zanesville, OH"
53073,13380,"Bellingham, WA"
27007,13420,"Bemidji, MN"
41017,100140,"Bend-Prineville, OR"
45069,13500,"Bennettsville, SC"
50003,13540,"Bennington, VT"
33007,13620,"Berlin, NH"
26107,100266,"Grand Rapids-Kentwood-Muskegon, MI"
48227,13700,"Big Spring, TX"
51195,13720,"Big Stone Gap, VA"
51720,13720,"Big Stone Gap, VA"
30009,13740,"Billings, MT"
30095,13740,"Billings, MT"
30111,13740,"Billings, MT"
36007,13780,"Binghamton, NY"
36107,13780,"Binghamton, NY"
1007,100142,"Birmingham-Hoover-Talladega, AL"
1009,100142,"Birmingham-Hoover-Talladega, AL"
1021,100142,"Birmingham-Hoover-Talladega, AL"
1073,100142,"Birmingham-Hoover-Talladega, AL"
1115,100142,"Birmingham-Hoover-Talladega, AL"
1117,100142,"Birmingham-Hoover-Talladega, AL"
38015,13900,"Bismarck, ND"
38059,13900,"Bismarck, ND"
38065,13900,"Bismarck, ND"
16011,100292,"Idaho Falls-Rexburg-Blackfoot, ID"
51071,13980,"Blacksburg-Christiansburg, VA"
51121,13980,"Blacksburg-Christiansburg, VA"
51155,13980,"Blacksburg-Christiansburg, VA"
51750,13980,"Blacksburg-Christiansburg, VA"
17113,100145,"Bloomington-Pontiac, IL"
18105,100144,"Bloomington-Bedford, IN"
18119,100144,"Bloomington-Bedford, IN"
42037,100146,"Bloomsburg-Berwick-Sunbury, PA"
42093,100146,"Bloomsburg-Berwick-Sunbury, PA"
51021,14140,"Bluefield, WV-VA"
51185,14140,"Bluefield, WV-VA"
54055,14140,"Bluefield, WV-VA"
18179,100258,"Fort Wayne-Huntington-Auburn, IN"
5093,14180,"Blytheville, AR"
22117,100406,"New Orleans-Metairie-Hammond, LA-MS"
16001,100147,"Boise City-Mountain Home-Ontario, ID-OR"
16015,100147,"Boise City-Mountain Home-Ontario, ID-OR"
16027,100147,"Boise City-Mountain Home-Ontario, ID-OR"
16045,100147,"Boise City-Mountain Home-Ontario, ID-OR"
16073,100147,"Boise City-Mountain Home-Ontario, ID-OR"
48147,100206,"Dallas-Fort Worth, TX-OK"
37189,14380,"Boone, NC"
48233,100108,"Amarillo-Pampa-Borger, TX"
25021,100148,"Boston-Worcester-Providence, MA-RI-NH-CT"
25023,100148,"Boston-Worcester-Providence, MA-RI-NH-CT"
25025,100148,"Boston-Worcester-Providence, MA-RI-NH-CT"
25009,100148,"Boston-Worcester-Providence, MA-RI-NH-CT"
25017,100148,"Boston-Worcester-Providence, MA-RI-NH-CT"
33015,100148,"Boston-Worcester-Providence, MA-RI-NH-CT"
33017,100148,"Boston-Worcester-Providence, MA-RI-NH-CT"
8013,100216,"Denver-Aurora, CO"
21003,100150,"Bowling Green-Glasgow, KY"
21031,100150,"Bowling Green-Glasgow, KY"
21061,100150,"Bowling Green-Glasgow, KY"
21227,100150,"Bowling Green-Glasgow, KY"
30031,14580,"Bozeman, MT"
42083,14620,"Bradford, PA"
27021,14660,"Brainerd, MN"
27035,14660,"Brainerd, MN"
29213,14700,"Branson, MO"
8117,14720,"Breckenridge, CO"
53035,100500,"Seattle-Tacoma, WA"
48477,100288,"Houston-The Woodlands, TX"
37175,100120,"Asheville-Marion-Brevard, NC"
9001,100408,"New York-Newark, NY-NJ-CT-PA"
28085,100298,"Jackson-Vicksburg-Brookhaven, MS"
41015,15060,"Brookings, OR"
46011,15100,"Brookings, SD"
47075,100297,"Jackson-Brownsville, TN"
48061,100154,"Brownsville-Harlingen-Raymondville, TX"
48049,15220,"Brownwood, TX"
13025,15260,"Brunswick, GA"
13127,15260,"Brunswick, GA"
13191,15260,"Brunswick, GA"
39033,100360,"Mansfield-Ashland-Bucyrus, OH"
36029,100160,"Buffalo-Cheektowaga-Olean, NY"
36063,100160,"Buffalo-Cheektowaga-Olean, NY"
16031,15420,"Burley, ID"
16067,15420,"Burley, ID"
17071,100161,"Burlington-Fort Madison-Keokuk, IA-IL-MO"
19057,100161,"Burlington-Fort Madison-Keokuk, IA-IL-MO"
37001,100268,"Greensboro--Winston-Salem--High Point, NC"
50007,100162,"Burlington-South Burlington-Barre, VT"
50011,100162,"Burlington-South Burlington-Barre, VT"
50013,100162,"Burlington-South Burlington-Barre, VT"
30093,15580,"Butte-Silver Bow, MT"
26113,15620,"Cadillac, MI"
26165,15620,"Cadillac, MI"
13129,100174,"Chattanooga-Cleveland-Dalton, TN-GA"
24037,100548,"Washington-Baltimore-Arlington, DC-MD-VA-WV-PA"
24019,100480,"Salisbury-Cambridge, MD-DE"
39059,100198,"Columbus-Marion-Zanesville, OH"
5013,15780,"Camden, AR"
5103,15780,"Camden, AR"
21087,15820,"Campbellsville, KY"
21217,15820,"Campbellsville, KY"
8043,100444,"Pueblo-Cañon City, CO"
39019,100184,"Cleveland-Akron-Canton, OH"
39151,100184,"Cleveland-Akron-Canton, OH"
12071,100163,"Cape Coral-Fort Myers-Naples, FL"
17003,100164,"Cape Girardeau-Sikeston, MO-IL"
29017,100164,"Cape Girardeau-Sikeston, MO-IL"
29031,100164,"Cape Girardeau-Sikeston, MO-IL"
17077,16060,"Carbondale-Marion, IL"
17087,16060,"Carbondale-Marion, IL"
17199,16060,"Carbondale-Marion, IL"
35015,16100,"Carlsbad-Artesia, NM"
19027,16140,"Carroll, IA"
32510,100456,"Reno-Carson City-Fernley, NV"
56025,16220,"Casper, WY"
49021,16260,"Cedar City, UT"
19011,100168,"Cedar Rapids-Iowa City, IA"
19105,100168,"Cedar Rapids-Iowa City, IA"
19113,100168,"Cedar Rapids-Iowa City, IA"
13233,100122,"Atlanta--Athens-Clarke County--Sandy Springs, GA-AL"
39107,100338,"Lima-Van Wert-Celina, OH"
21177,16420,"Central City, KY"
17121,100476,"St. Louis-St. Charles-Farmington, MO-IL"
53041,100500,"Seattle-Tacoma, WA"
42055,100548,"Washington-Baltimore-Arlington, DC-MD-VA-WV-PA"
17019,16580,"Champaign-Urbana, IL"
17147,16580,"Champaign-Urbana, IL"
54005,100170,"Charleston-Huntington-Ashland, WV-OH-KY"
54015,100170,"Charleston-Huntington-Ashland, WV-OH-KY"
54035,100170,"Charleston-Huntington-Ashland, WV-OH-KY"
54039,100170,"Charleston-Huntington-Ashland, WV-OH-KY"
54043,100170,"Charleston-Huntington-Ashland, WV-OH-KY"
17029,16660,"Charleston-Mattoon, IL"
17035,16660,"Charleston-Mattoon, IL"
45015,16700,"Charleston-North Charleston, SC"
45019,16700,"Charleston-North Charleston, SC"
45035,16700,"Charleston-North Charleston, SC"
37007,100172,"Charlotte-Concord, NC-SC"
37025,100172,"Charlotte-Concord, NC-SC"
37071,100172,"Charlotte-Concord, NC-SC"
37097,100172,"Charlotte-Concord, NC-SC"
37109,100172,"Charlotte-Concord, NC-SC"
37119,100172,"Charlotte-Concord, NC-SC"
37159,100172,"Charlotte-Concord, NC-SC"
37179,100172,"Charlotte-Concord, NC-SC"
45023,100172,"Charlotte-Concord, NC-SC"
45057,100172,"Charlotte-Concord, NC-SC"
45091,100172,"Charlotte-Concord, NC-SC"
51003,16820,"Charlottesville, VA"
51065,16820,"Charlottesville, VA"
51079,16820,"Charlottesville, VA"
51125,16820,"Charlottesville, VA"
51540,16820,"Charlottesville, VA"
13047,100174,"Chattanooga-Cleveland-Dalton, TN-GA"
13083,100174,"Chattanooga-Cleveland-Dalton, TN-GA"
13295,100174,"Chattanooga-Cleveland-Dalton, TN-GA"
47065,100174,"Chattanooga-Cleveland-Dalton, TN-GA"
47115,100174,"Chattanooga-Cleveland-Dalton, TN-GA"
47153,100174,"Chattanooga-Cleveland-Dalton, TN-GA"
56021,16940,"Cheyenne, WY"
17031,100176,"Chicago-Naperville, IL-IN-WI"
17043,100176,"Chicago-Naperville, IL-IN-WI"
17063,100176,"Chicago-Naperville, IL-IN-WI"
17111,100176,"Chicago-Naperville, IL-IN-WI"
17197,100176,"Chicago-Naperville, IL-IN-WI"
17037,100176,"Chicago-Naperville, IL-IN-WI"
17089,100176,"Chicago-Naperville, IL-IN-WI"
17093,100176,"Chicago-Naperville, IL-IN-WI"
18073,100176,"Chicago-Naperville, IL-IN-WI"
18089,100176,"Chicago-Naperville, IL-IN-WI"
18111,100176,"Chicago-Naperville, IL-IN-WI"
18127,100176,"Chicago-Naperville, IL-IN-WI"
17097,100176,"Chicago-Naperville, IL-IN-WI"
55059,100176,"Chicago-Naperville, IL-IN-WI"
6007,17020,"Chico, CA"
39141,100198,"Columbus-Marion-Zanesville, OH"
18029,100178,"Cincinnati-Wilmington-Maysville, OH-KY-IN"
18047,100178,"Cincinnati-Wilmington-Maysville, OH-KY-IN"
18115,100178,"Cincinnati-Wilmington-Maysville, OH-KY-IN"
18161,100178,"Cincinnati-Wilmington-Maysville, OH-KY-IN"
21015,100178,"Cincinnati-Wilmington-Maysville, OH-KY-IN"
21023,100178,"Cincinnati-Wilmington-Maysville, OH-KY-IN"
21037,100178,"Cincinnati-Wilmington-Maysville, OH-KY-IN"
21077,100178,"Cincinnati-Wilmington-Maysville, OH-KY-IN"
21081,100178,"Cincinnati-Wilmington-Maysville, OH-KY-IN"
21117,100178,"Cincinnati-Wilmington-Maysville, OH-KY-IN"
21191,100178,"Cincinnati-Wilmington-Maysville, OH-KY-IN"
39015,100178,"Cincinnati-Wilmington-Maysville, OH-KY-IN"
39017,100178,"Cincinnati-Wilmington-Maysville, OH-KY-IN"
39025,100178,"Cincinnati-Wilmington-Maysville, OH-KY-IN"
39061,100178,"Cincinnati-Wilmington-Maysville, OH-KY-IN"
39165,100178,"Cincinnati-Wilmington-Maysville, OH-KY-IN"
54017,17220,"Clarksburg, WV"
54033,17220,"Clarksburg, WV"
54091,17220,"Clarksburg, WV"
28027,17260,"Clarksdale, MS"
21047,17300,"Clarksville, TN-KY"
21221,17300,"Clarksville, TN-KY"
47125,17300,"Clarksville, TN-KY"
47161,17300,"Clarksville, TN-KY"
6033,17340,"Clearlake, CA"
28011,100185,"Cleveland-Indianola, MS"
47011,100174,"Chattanooga-Cleveland-Dalton, TN-GA"
47139,100174,"Chattanooga-Cleveland-Dalton, TN-GA"
39035,100184,"Cleveland-Akron-Canton, OH"
39055,100184,"Cleveland-Akron-Canton, OH"
39085,100184,"Cleveland-Akron-Canton, OH"
39093,100184,"Cleveland-Akron-Canton, OH"
39103,100184,"Cleveland-Akron-Canton, OH"
12051,100163,"Cape Coral-Fort Myers-Naples, FL"
19045,100209,"Davenport-Moline, IA-IL"
35009,100188,"Clovis-Portales, NM"
72043,100434,"Ponce-Yauco-Coamo, PR"
72123,100490,"San Juan-Bayamón, PR"
16055,100518,"Spokane-Spokane Valley-Coeur d'Alene, WA-ID"
20125,17700,"Coffeyville, KS"
26023,100310,"Kalamazoo-Battle Creek-Portage, MI"
48041,17780,"College Station-Bryan, TX"
48051,17780,"College Station-Bryan, TX"
48395,17780,"College Station-Bryan, TX"
8041,17820,"Colorado Springs, CO"
8119,17820,"Colorado Springs, CO"
29019,100190,"Columbia-Moberly-Mexico, MO"
29053,100190,"Columbia-Moberly-Mexico, MO"
29089,100190,"Columbia-Moberly-Mexico, MO"
45017,100192,"Columbia-Orangeburg-Newberry, SC"
45039,100192,"Columbia-Orangeburg-Newberry, SC"
45055,100192,"Columbia-Orangeburg-Newberry, SC"
45063,100192,"Columbia-Orangeburg-Newberry, SC"
45079,100192,"Columbia-Orangeburg-Newberry, SC"
45081,100192,"Columbia-Orangeburg-Newberry, SC"
1113,100194,"Columbus-Auburn-Opelika, GA-AL"
13053,100194,"Columbus-Auburn-Opelika, GA-AL"
13145,100194,"Columbus-Auburn-Opelika, GA-AL"
13197,100194,"Columbus-Auburn-Opelika, GA-AL"
13215,100194,"Columbus-Auburn-Opelika, GA-AL"
13259,100194,"Columbus-Auburn-Opelika, GA-AL"
13263,100194,"Columbus-Auburn-Opelika, GA-AL"
18005,100294,"Indianapolis-Carmel-Muncie, IN"
28087,100200,"Columbus-West Point, MS"
31141,18100,"Columbus, NE"
39041,100198,"Columbus-Marion-Zanesville, OH"
39045,100198,"Columbus-Marion-Zanesville, OH"
39049,100198,"Columbus-Marion-Zanesville, OH"
39073,100198,"Columbus-Marion-Zanesville, OH"
39089,100198,"Columbus-Marion-Zanesville, OH"
39097,100198,"Columbus-Marion-Zanesville, OH"
39117,100198,"Columbus-Marion-Zanesville, OH"
39127,100198,"Columbus-Marion-Zanesville, OH"
39129,100198,"Columbus-Marion-Zanesville, OH"
39159,100198,"Columbus-Marion-Zanesville, OH"
33013,100148,"Boston-Worcester-Providence, MA-RI-NH-CT"
18041,100458,"Richmond-Connersville, IN"
47087,18260,"Cookeville, TN"
47133,18260,"Cookeville, TN"
47141,18260,"Cookeville, TN"
41011,18300,"Coos Bay, OR"
13081,18380,"Cordele, GA"
28003,100539,"Tupelo-Corinth, MS"
13137,100122,"Atlanta--Athens-Clarke County--Sandy Springs, GA-AL"
36101,100236,"Elmira-Corning, NY"
48355,100204,"Corpus Christi-Kingsville-Alice, TX"
48409,100204,"Corpus Christi-Kingsville-Alice, TX"
48349,100206,"Dallas-Fort Worth, TX-OK"
36023,100296,"Ithaca-Cortland, NY"
41003,100440,"Portland-Vancouver-Salem, OR-WA"
39031,18740,"Coshocton, OH"
8081,100525,"Steamboat Springs-Craig, CO"
18107,100294,"Indianapolis-Carmel-Muncie, IN"
6015,18860,"Crescent City, CA"
12091,18880,"Crestview-Fort Walton Beach-Destin, FL"
12131,18880,"Crestview-Fort Walton Beach-Destin, FL"
47035,18900,"Crossville, TN"
1043,100142,"Birmingham-Hoover-Talladega, AL"
37099,19000,"Cullowhee, NC"
37173,19000,"Cullowhee, NC"
24001,19060,"Cumberland, MD-WV"
54057,19060,"Cumberland, MD-WV"
48085,100206,"Dallas-Fort Worth, TX-OK"
48113,100206,"Dallas-Fort Worth, TX-OK"
48121,100206,"Dallas-Fort Worth, TX-OK"
48139,100206,"Dallas-Fort Worth, TX-OK"
48231,100206,"Dallas-Fort Worth, TX-OK"
48257,100206,"Dallas-Fort Worth, TX-OK"
48397,100206,"Dallas-Fort Worth, TX-OK"
48251,100206,"Dallas-Fort Worth, TX-OK"
48367,100206,"Dallas-Fort Worth, TX-OK"
48439,100206,"Dallas-Fort Worth, TX-OK"
48497,100206,"Dallas-Fort Worth, TX-OK"
13213,100174,"Chattanooga-Cleveland-Dalton, TN-GA"
13313,100174,"Chattanooga-Cleveland-Dalton, TN-GA"
17183,19180,"Danville, IL"
21021,19220,"Danville, KY"
21137,19220,"Danville, KY"
51143,19260,"Danville, VA"
51590,19260,"Danville, VA"
1003,100380,"Mobile-Daphne-Fairhope, AL"
17073,100209,"Davenport-Moline, IA-IL"
17131,100209,"Davenport-Moline, IA-IL"
17161,100209,"Davenport-Moline, IA-IL"
19163,100209,"Davenport-Moline, IA-IL"
47143,100174,"Chattanooga-Cleveland-Dalton, TN-GA"
39057,100212,"Dayton-Springfield-Kettering, OH"
39109,100212,"Dayton-Springfield-Kettering, OH"
39113,100212,"Dayton-Springfield-Kettering, OH"
1079,100290,"Huntsville-Decatur, AL"
1103,100290,"Huntsville-Decatur, AL"
17115,19500,"Decatur, IL"
18001,100258,"Fort Wayne-Huntington-Auburn, IN"
39039,19580,"Defiance, OH"
48465,19620,"Del Rio, TX"
12035,100422,"Orlando-Lakeland-Deltona, FL"
12127,100422,"Orlando-Lakeland-Deltona, FL"
35029,19700,"Deming, NM"
8001,100216,"Denver-Aurora, CO"
8005,100216,"Denver-Aurora, CO"
8014,100216,"Denver-Aurora, CO"
8019,100216,"Denver-Aurora, CO"
8031,100216,"Denver-Aurora, CO"
8035,100216,"Denver-Aurora, CO"
8039,100216,"Denver-Aurora, CO"
8047,100216,"Denver-Aurora, CO"
8059,100216,"Denver-Aurora, CO"
8093,100216,"Denver-Aurora, CO"
22011,100217,"DeRidder-Fort Polk South, LA"
19049,100218,"Des Moines-Ames-West Des Moines, IA"
19077,100218,"Des Moines-Ames-West Des Moines, IA"
19099,100218,"Des Moines-Ames-West Des Moines, IA"
19121,100218,"Des Moines-Ames-West Des Moines, IA"
19153,100218,"Des Moines-Ames-West Des Moines, IA"
19181,100218,"Des Moines-Ames-West Des Moines, IA"
26163,100220,"Detroit-Warren-Ann Arbor, MI"
26087,100220,"Detroit-Warren-Ann Arbor, MI"
26093,100220,"Detroit-Warren-Ann Arbor, MI"
26099,100220,"Detroit-Warren-Ann Arbor, MI"
26125,100220,"Detroit-Warren-Ann Arbor, MI"
26147,100220,"Detroit-Warren-Ann Arbor, MI"
38007,19860,"Dickinson, ND"
38089,19860,"Dickinson, ND"
17103,100221,"Dixon-Sterling, IL"
20057,19980,"Dodge City, KS"
1061,100222,"Dothan-Ozark, AL"
1067,100222,"Dothan-Ozark, AL"
1069,100222,"Dothan-Ozark, AL"
13003,20060,"Douglas, GA"
13069,20060,"Douglas, GA"
10001,100428,"Philadelphia-Reading-Camden, PA-NJ-DE-MD"
13167,20140,"Dublin, GA"
13175,20140,"Dublin, GA"
13283,20140,"Dublin, GA"
42033,100524,"State College-DuBois, PA"
19061,20220,"Dubuque, IA"
27017,20260,"Duluth, MN-WI"
27075,20260,"Duluth, MN-WI"
27137,20260,"Duluth, MN-WI"
55031,20260,"Duluth, MN-WI"
48341,20300,"Dumas, TX"
40137,20340,"Duncan, OK"
8067,20420,"Durango, CO"
40013,100206,"Dallas-Fort Worth, TX-OK"
37037,100450,"Raleigh-Durham-Cary, NC"
37063,100450,"Raleigh-Durham-Cary, NC"
37077,100450,"Raleigh-Durham-Cary, NC"
37135,100450,"Raleigh-Durham-Cary, NC"
37145,100450,"Raleigh-Durham-Cary, NC"
47045,20540,"Dyersburg, TN"
48323,20580,"Eagle Pass, TX"
24041,100548,"Washington-Baltimore-Arlington, DC-MD-VA-WV-PA"
42089,100408,"New York-Newark, NY-NJ-CT-PA"
55017,100232,"Eau Claire-Menomonie, WI"
55035,100232,"Eau Claire-Menomonie, WI"
8037,100233,"Edwards-Glenwood Springs, CO"
17049,20820,"Effingham, IL"
48481,100288,"Houston-The Woodlands, TX"
6025,20940,"El Centro, CA"
5139,20980,"El Dorado, AR"
37139,100545,"Virginia Beach-Norfolk, VA-NC"
37143,100545,"Virginia Beach-Norfolk, VA-NC"
21093,100350,"Louisville/Jefferson County--Elizabethtown--Bardstown, KY-IN"
21123,100350,"Louisville/Jefferson County--Elizabethtown--Bardstown, KY-IN"
21163,100350,"Louisville/Jefferson County--Elizabethtown--Bardstown, KY-IN"
40009,21120,"Elk City, OK"
18039,100515,"South Bend-Elkhart-Mishawaka, IN-MI"
54083,21180,"Elkins, WV"
32007,21220,"Elko, NV"
32011,21220,"Elko, NV"
53037,21260,"Ellensburg, WA"
36015,100236,"Elmira-Corning, NY"
48141,100238,"El Paso-Las Cruces, TX-NM"
48229,100238,"El Paso-Las Cruces, TX-NM"
20017,21380,"Emporia, KS"
20111,21380,"Emporia, KS"
40047,21420,"Enid, OK"
1031,21460,"Enterprise, AL"
42049,100240,"Erie-Meadville, PA"
26041,21540,"Escanaba, MI"
35039,100106,"Albuquerque-Santa Fe-Las Vegas, NM"
1005,21640,"Eufaula, AL-GA"
13239,21640,"Eufaula, AL-GA"
41039,21660,"Eugene-Springfield, OR"
6023,21700,"Eureka-Arcata, CA"
56041,21740,"Evanston, WY"
18129,21780,"Evansville, IN-KY"
18163,21780,"Evansville, IN-KY"
18173,21780,"Evansville, IN-KY"
21101,21780,"Evansville, IN-KY"
2090,21820,"Fairbanks, AK"
19101,21840,"Fairfield, IA"
27091,21860,"Fairmont, MN"
54049,100390,"Morgantown-Fairmont, WV"
32001,21980,"Fallon, NV"
27027,100244,"Fargo-Wahpeton, ND-MN"
38017,100244,"Fargo-Wahpeton, ND-MN"
27131,100378,"Minneapolis-St. Paul, MN-WI"
29187,100476,"St. Louis-St. Charles-Farmington, MO-IL"
35045,22140,"Farmington, NM"
37051,100246,"Fayetteville-Sanford-Lumberton, NC"
37085,100246,"Fayetteville-Sanford-Lumberton, NC"
37093,100246,"Fayetteville-Sanford-Lumberton, NC"
5007,22220,"Fayetteville-Springdale-Rogers, AR"
5087,22220,"Fayetteville-Springdale-Rogers, AR"
5143,22220,"Fayetteville-Springdale-Rogers, AR"
27111,22260,"Fergus Falls, MN"
32019,100456,"Reno-Carson City-Fernley, NV"
39063,100534,"Toledo-Findlay-Tiffin, OH"
13017,22340,"Fitzgerald, GA"
4005,22380,"Flagstaff, AZ"
26049,100220,"Detroit-Warren-Ann Arbor, MI"
45031,22500,"Florence, SC"
45041,22500,"Florence, SC"
1033,22520,"Florence-Muscle Shoals, AL"
1077,22520,"Florence-Muscle Shoals, AL"
55039,22540,"Fond du Lac, WI"
37161,22580,"Forest City, NC"
5123,100368,"Memphis-Forrest City, TN-MS-AR"
8069,22660,"Fort Collins, CO"
19187,22700,"Fort Dodge, IA"
29169,22780,"Fort Leonard Wood, MO"
17067,100161,"Burlington-Fort Madison-Keokuk, IA-IL-MO"
19111,100161,"Burlington-Fort Madison-Keokuk, IA-IL-MO"
29045,100161,"Burlington-Fort Madison-Keokuk, IA-IL-MO"
8087,22820,"Fort Morgan, CO"
1049,100497,"Scottsboro-Fort Payne, AL"
22115,100217,"DeRidder-Fort Polk South, LA"
5033,22900,"Fort Smith, AR-OK"
5047,22900,"Fort Smith, AR-OK"
5131,22900,"Fort Smith, AR-OK"
40135,22900,"Fort Smith, AR-OK"
18003,100258,"Fort Wayne-Huntington-Auburn, IN"
18183,100258,"Fort Wayne-Huntington-Auburn, IN"
18023,100320,"Lafayette-West Lafayette-Frankfort, IN"
21005,100336,"Lexington-Fayette--Richmond--Frankfort, KY"
21073,100336,"Lexington-Fayette--Richmond--Frankfort, KY"
48171,100314,"Kerrville-Fredericksburg, TX"
17177,100466,"Rockford-Freeport-Rochelle, IL"
31053,100420,"Omaha-Council Bluffs-Fremont, NE-IA"
39143,100534,"Toledo-Findlay-Tiffin, OH"
6019,100260,"Fresno-Madera-Hanford, CA"
1055,23460,"Gadsden, AL"
45021,100273,"Greenville-Spartanburg-Anderson, SC"
12001,100264,"Gainesville-Lake City, FL"
12041,100264,"Gainesville-Lake City, FL"
12075,100264,"Gainesville-Lake City, FL"
13139,100122,"Atlanta--Athens-Clarke County--Sandy Springs, GA-AL"
48097,100206,"Dallas-Fort Worth, TX-OK"
17095,23660,"Galesburg, IL"
35031,23700,"Gallup, NM"
20055,23780,"Garden City, KS"
20093,23780,"Garden City, KS"
32005,100456,"Reno-Carson City-Fernley, NV"
45043,100396,"Myrtle Beach-Conway, SC-NC"
42001,100276,"Harrisburg-York-Lebanon, PA"
56005,23940,"Gillette, WY"
56011,23940,"Gillette, WY"
56045,23940,"Gillette, WY"
21009,100150,"Bowling Green-Glasgow, KY"
21169,100150,"Bowling Green-Glasgow, KY"
36113,100104,"Albany-Schenectady, NY"
36115,100104,"Albany-Schenectady, NY"
8045,100233,"Edwards-Glenwood Springs, CO"
8097,100233,"Edwards-Glenwood Springs, CO"
36035,100104,"Albany-Schenectady, NY"
37191,24140,"Goldsboro, NC"
48221,100206,"Dallas-Fort Worth, TX-OK"
27119,24220,"Grand Forks, ND-MN"
38035,24220,"Grand Forks, ND-MN"
31079,24260,"Grand Island, NE"
31093,24260,"Grand Island, NE"
31121,24260,"Grand Island, NE"
8077,24300,"Grand Junction, CO"
27061,24330,"Grand Rapids, MN"
26067,100266,"Grand Rapids-Kentwood-Muskegon, MI"
26081,100266,"Grand Rapids-Kentwood-Muskegon, MI"
26117,100266,"Grand Rapids-Kentwood-Muskegon, MI"
26139,100266,"Grand Rapids-Kentwood-Muskegon, MI"
35006,24380,"Grants, NM"
41033,100366,"Medford-Grants Pass, OR"
20009,24460,"Great Bend, KS"
30013,24500,"Great Falls, MT"
8123,100216,"Denver-Aurora, CO"
55009,100267,"Green Bay-Shawano, WI"
55061,100267,"Green Bay-Shawano, WI"
55083,100267,"Green Bay-Shawano, WI"
47059,24620,"Greeneville, TN"
37081,100268,"Greensboro--Winston-Salem--High Point, NC"
37151,100268,"Greensboro--Winston-Salem--High Point, NC"
37157,100268,"Greensboro--Winston-Salem--High Point, NC"
18031,100294,"Indianapolis-Carmel-Muncie, IN"
28151,24740,"Greenville, MS"
37147,100272,"Greenville-Kinston-Washington, NC"
39037,100212,"Dayton-Springfield-Kettering, OH"
45007,100273,"Greenville-Spartanburg-Anderson, SC"
45045,100273,"Greenville-Spartanburg-Anderson, SC"
45059,100273,"Greenville-Spartanburg-Anderson, SC"
45077,100273,"Greenville-Spartanburg-Anderson, SC"
28015,24900,"Greenwood, MS"
28083,24900,"Greenwood, MS"
45047,100273,"Greenville-Spartanburg-Anderson, SC"
28043,24980,"Grenada, MS"
72015,100490,"San Juan-Bayamón, PR"
72057,100490,"San Juan-Bayamón, PR"
72109,100490,"San Juan-Bayamón, PR"
28045,25060,"Gulfport-Biloxi, MS"
28047,25060,"Gulfport-Biloxi, MS"
28059,25060,"Gulfport-Biloxi, MS"
28131,25060,"Gulfport-Biloxi, MS"
40139,25100,"Guymon, OK"
24043,100548,"Washington-Baltimore-Arlington, DC-MD-VA-WV-PA"
54003,100548,"Washington-Baltimore-Arlington, DC-MD-VA-WV-PA"
54065,100548,"Washington-Baltimore-Arlington, DC-MD-VA-WV-PA"
16013,25200,"Hailey, ID"
16025,25200,"Hailey, ID"
22105,100406,"New Orleans-Metairie-Hammond, LA-MS"
6031,100260,"Fresno-Madera-Hanford, CA"
29127,100448,"Quincy-Hannibal, IL-MO"
29173,100448,"Quincy-Hannibal, IL-MO"
42041,100276,"Harrisburg-York-Lebanon, PA"
42043,100276,"Harrisburg-York-Lebanon, PA"
42099,100276,"Harrisburg-York-Lebanon, PA"
5009,25460,"Harrison, AR"
5101,25460,"Harrison, AR"
51165,100277,"Harrisonburg-Staunton, VA"
51660,100277,"Harrisonburg-Staunton, VA"
9003,100278,"Hartford-East Hartford, CT"
9007,100278,"Hartford-East Hartford, CT"
9013,100278,"Hartford-East Hartford, CT"
31001,25580,"Hastings, NE"
28031,100279,"Hattiesburg-Laurel, MS"
28035,100279,"Hattiesburg-Laurel, MS"
28073,100279,"Hattiesburg-Laurel, MS"
28111,100279,"Hattiesburg-Laurel, MS"
20051,25700,"Hays, KS"
49043,100482,"Salt Lake City-Provo-Orem, UT"
49051,100482,"Salt Lake City-Provo-Orem, UT"
30043,25740,"Helena, MT"
30049,25740,"Helena, MT"
5107,25760,"Helena-West Helena, AR"
37181,100450,"Raleigh-Durham-Cary, NC"
48117,25820,"Hereford, TX"
41049,25840,"Hermiston-Pendleton, OR"
41059,25840,"Hermiston-Pendleton, OR"
37003,25860,"Hickory-Lenoir-Morganton, NC"
37023,25860,"Hickory-Lenoir-Morganton, NC"
37027,25860,"Hickory-Lenoir-Morganton, NC"
37035,25860,"Hickory-Lenoir-Morganton, NC"
26059,25880,"Hillsdale, MI"
15001,25900,"Hilo, HI"
45013,25940,"Hilton Head Island-Bluffton, SC"
45053,25940,"Hilton Head Island-Bluffton, SC"
13179,100496,"Savannah-Hinesville-Statesboro, GA"
13183,100496,"Savannah-Hinesville-Statesboro, GA"
35025,26020,"Hobbs, NM"
26005,100266,"Grand Rapids-Kentwood-Muskegon, MI"
12017,26140,"Homosassa Springs, FL"
41027,26220,"Hood River, OR"
5057,26260,"Hope, AR"
5099,26260,"Hope, AR"
5051,100284,"Hot Springs-Malvern, AR"
26061,26340,"Houghton, MI"
26083,26340,"Houghton, MI"
22057,26380,"Houma-Thibodaux, LA"
22109,26380,"Houma-Thibodaux, LA"
48015,100288,"Houston-The Woodlands, TX"
48039,100288,"Houston-The Woodlands, TX"
48071,100288,"Houston-The Woodlands, TX"
48157,100288,"Houston-The Woodlands, TX"
48167,100288,"Houston-The Woodlands, TX"
48201,100288,"Houston-The Woodlands, TX"
48291,100288,"Houston-The Woodlands, TX"
48339,100288,"Houston-The Woodlands, TX"
48473,100288,"Houston-The Woodlands, TX"
36021,100104,"Albany-Schenectady, NY"
42061,100107,"Altoona-Huntingdon, PA"
18069,100258,"Fort Wayne-Huntington-Auburn, IN"
21019,100170,"Charleston-Huntington-Ashland, WV-OH-KY"
21043,100170,"Charleston-Huntington-Ashland, WV-OH-KY"
21089,100170,"Charleston-Huntington-Ashland, WV-OH-KY"
39087,100170,"Charleston-Huntington-Ashland, WV-OH-KY"
54011,100170,"Charleston-Huntington-Ashland, WV-OH-KY"
54079,100170,"Charleston-Huntington-Ashland, WV-OH-KY"
54099,100170,"Charleston-Huntington-Ashland, WV-OH-KY"
1083,100290,"Huntsville-Decatur, AL"
1089,100290,"Huntsville-Decatur, AL"
48471,100288,"Houston-The Woodlands, TX"
46005,26700,"Huron, SD"
46073,26700,"Huron, SD"
20155,26740,"Hutchinson, KS"
27085,100378,"Minneapolis-St. Paul, MN-WI"
16019,100292,"Idaho Falls-Rexburg-Blackfoot, ID"
16023,100292,"Idaho Falls-Rexburg-Blackfoot, ID"
16051,100292,"Idaho Falls-Rexburg-Blackfoot, ID"
42063,100430,"Pittsburgh-New Castle-Weirton, PA-OH-WV"
18011,100294,"Indianapolis-Carmel-Muncie, IN"
18013,100294,"Indianapolis-Carmel-Muncie, IN"
18057,100294,"Indianapolis-Carmel-Muncie, IN"
18059,100294,"Indianapolis-Carmel-Muncie, IN"
18063,100294,"Indianapolis-Carmel-Muncie, IN"
18081,100294,"Indianapolis-Carmel-Muncie, IN"
18095,100294,"Indianapolis-Carmel-Muncie, IN"
18097,100294,"Indianapolis-Carmel-Muncie, IN"
18109,100294,"Indianapolis-Carmel-Muncie, IN"
18133,100294,"Indianapolis-Carmel-Muncie, IN"
18145,100294,"Indianapolis-Carmel-Muncie, IN"
28133,100185,"Cleveland-Indianola, MS"
19103,100168,"Cedar Rapids-Iowa City, IA"
19183,100168,"Cedar Rapids-Iowa City, IA"
26043,100361,"Marinette-Iron Mountain, WI-MI"
55037,100361,"Marinette-Iron Mountain, WI-MI"
36109,100296,"Ithaca-Cortland, NY"
26075,27100,"Jackson, MI"
28029,100298,"Jackson-Vicksburg-Brookhaven, MS"
28049,100298,"Jackson-Vicksburg-Brookhaven, MS"
28051,100298,"Jackson-Vicksburg-Brookhaven, MS"
28089,100298,"Jackson-Vicksburg-Brookhaven, MS"
28121,100298,"Jackson-Vicksburg-Brookhaven, MS"
28127,100298,"Jackson-Vicksburg-Brookhaven, MS"
28163,100298,"Jackson-Vicksburg-Brookhaven, MS"
39079,27160,"Jackson, OH"
47023,100297,"Jackson-Brownsville, TN"
47033,100297,"Jackson-Brownsville, TN"
47053,100297,"Jackson-Brownsville, TN"
47113,100297,"Jackson-Brownsville, TN"
16081,27220,"Jackson, WY-ID"
56039,27220,"Jackson, WY-ID"
12003,100300,"Jacksonville-St. Marys-Palatka, FL-GA"
12019,100300,"Jacksonville-St. Marys-Palatka, FL-GA"
12031,100300,"Jacksonville-St. Marys-Palatka, FL-GA"
12089,100300,"Jacksonville-St. Marys-Palatka, FL-GA"
12109,100300,"Jacksonville-St. Marys-Palatka, FL-GA"
17137,100522,"Springfield-Jacksonville-Lincoln, IL"
17171,100522,"Springfield-Jacksonville-Lincoln, IL"
37133,27340,"Jacksonville, NC"
48073,100540,"Tyler-Jacksonville, TX"
38093,27420,"Jamestown, ND"
36013,27460,"Jamestown-Dunkirk-Fredonia, NY"
55105,100357,"Madison-Janesville-Beloit, WI"
1127,100142,"Birmingham-Hoover-Talladega, AL"
18037,27540,"Jasper, IN"
18125,27540,"Jasper, IN"
72073,27580,"Jayuya, PR"
13157,100122,"Atlanta--Athens-Clarke County--Sandy Springs, GA-AL"
29027,27620,"Jefferson City, MO"
29051,27620,"Jefferson City, MO"
29135,27620,"Jefferson City, MO"
29151,27620,"Jefferson City, MO"
22053,100324,"Lake Charles-Jennings, LA"
13305,100496,"Savannah-Hinesville-Statesboro, GA"
47019,100304,"Johnson City-Kingsport-Bristol, TN-VA"
47171,100304,"Johnson City-Kingsport-Bristol, TN-VA"
47179,100304,"Johnson City-Kingsport-Bristol, TN-VA"
42021,100306,"Johnstown-Somerset, PA"
5031,100308,"Jonesboro-Paragould, AR"
5111,100308,"Jonesboro-Paragould, AR"
29097,100309,"Joplin-Miami, MO-OK"
29145,100309,"Joplin-Miami, MO-OK"
2110,27940,"Juneau, AK"
15009,27980,"Kahului-Wailuku-Lahaina, HI"
26077,100310,"Kalamazoo-Battle Creek-Portage, MI"
30029,28060,"Kalispell, MT"
17091,100176,"Chicago-Naperville, IL-IN-WI"
20091,100312,"Kansas City-Overland Park-Kansas City, MO-KS"
20103,100312,"Kansas City-Overland Park-Kansas City, MO-KS"
20107,100312,"Kansas City-Overland Park-Kansas City, MO-KS"
20121,100312,"Kansas City-Overland Park-Kansas City, MO-KS"
20209,100312,"Kansas City-Overland Park-Kansas City, MO-KS"
29013,100312,"Kansas City-Overland Park-Kansas City, MO-KS"
29025,100312,"Kansas City-Overland Park-Kansas City, MO-KS"
29037,100312,"Kansas City-Overland Park-Kansas City, MO-KS"
29047,100312,"Kansas City-Overland Park-Kansas City, MO-KS"
29049,100312,"Kansas City-Overland Park-Kansas City, MO-KS"
29095,100312,"Kansas City-Overland Park-Kansas City, MO-KS"
29107,100312,"Kansas City-Overland Park-Kansas City, MO-KS"
29165,100312,"Kansas City-Overland Park-Kansas City, MO-KS"
29177,100312,"Kansas City-Overland Park-Kansas City, MO-KS"
15007,28180,"Kapaa, HI"
31019,28260,"Kearney, NE"
31099,28260,"Kearney, NE"
33005,28300,"Keene, NH"
18113,100258,"Fort Wayne-Huntington-Auburn, IN"
29069,28380,"Kennett, MO"
53005,100313,"Kennewick-Richland-Walla Walla, WA"
53021,100313,"Kennewick-Richland-Walla Walla, WA"
48265,100314,"Kerrville-Fredericksburg, TX"
2130,28540,"Ketchikan, AK"
12087,100370,"Miami-Port St. Lucie-Fort Lauderdale, FL"
37055,100545,"Virginia Beach-Norfolk, VA-NC"
48027,28660,"Killeen-Temple, TX"
48099,28660,"Killeen-Temple, TX"
48281,28660,"Killeen-Temple, TX"
47073,100304,"Johnson City-Kingsport-Bristol, TN-VA"
47163,100304,"Johnson City-Kingsport-Bristol, TN-VA"
51169,100304,"Johnson City-Kingsport-Bristol, TN-VA"
51191,100304,"Johnson City-Kingsport-Bristol, TN-VA"
51520,100304,"Johnson City-Kingsport-Bristol, TN-VA"
36111,100408,"New York-Newark, NY-NJ-CT-PA"
48261,100204,"Corpus Christi-Kingsville-Alice, TX"
48273,100204,"Corpus Christi-Kingsville-Alice, TX"
37107,100272,"Greenville-Kinston-Washington, NC"
29001,28860,"Kirksville, MO"
29197,28860,"Kirksville, MO"
41035,28900,"Klamath Falls, OR"
47001,100315,"Knoxville-Morristown-Sevierville, TN"
47009,100315,"Knoxville-Morristown-Sevierville, TN"
47013,100315,"Knoxville-Morristown-Sevierville, TN"
47093,100315,"Knoxville-Morristown-Sevierville, TN"
47105,100315,"Knoxville-Morristown-Sevierville, TN"
47129,100315,"Knoxville-Morristown-Sevierville, TN"
47145,100315,"Knoxville-Morristown-Sevierville, TN"
47173,100315,"Knoxville-Morristown-Sevierville, TN"
18067,100316,"Kokomo-Peru, IN"
33001,100148,"Boston-Worcester-Providence, MA-RI-NH-CT"
27055,29100,"La Crosse-Onalaska, WI-MN"
55063,29100,"La Crosse-Onalaska, WI-MN"
22001,100318,"Lafayette-Opelousas-Morgan City, LA"
22045,100318,"Lafayette-Opelousas-Morgan City, LA"
22055,100318,"Lafayette-Opelousas-Morgan City, LA"
22099,100318,"Lafayette-Opelousas-Morgan City, LA"
22113,100318,"Lafayette-Opelousas-Morgan City, LA"
18007,100320,"Lafayette-West Lafayette-Frankfort, IN"
18015,100320,"Lafayette-West Lafayette-Frankfort, IN"
18157,100320,"Lafayette-West Lafayette-Frankfort, IN"
18171,100320,"Lafayette-West Lafayette-Frankfort, IN"
41061,29260,"La Grande, OR"
1017,100122,"Atlanta--Athens-Clarke County--Sandy Springs, GA-AL"
13285,100122,"Atlanta--Athens-Clarke County--Sandy Springs, GA-AL"
22019,100324,"Lake Charles-Jennings, LA"
22023,100324,"Lake Charles-Jennings, LA"
12023,100264,"Gainesville-Lake City, FL"
4015,29420,"Lake Havasu City-Kingman, AZ"
12105,100422,"Orlando-Lakeland-Deltona, FL"
48115,29500,"Lamesa, TX"
42071,29540,"Lancaster, PA"
26037,29620,"Lansing-East Lansing, MI"
26045,29620,"Lansing-East Lansing, MI"
26065,29620,"Lansing-East Lansing, MI"
26155,29620,"Lansing-East Lansing, MI"
56001,29660,"Laramie, WY"
48479,29700,"Laredo, TX"
35013,100238,"El Paso-Las Cruces, TX-NM"
35033,100106,"Albuquerque-Santa Fe-Las Vegas, NM"
35047,100106,"Albuquerque-Santa Fe-Las Vegas, NM"
32003,100332,"Las Vegas-Henderson, NV"
28061,100279,"Hattiesburg-Laurel, MS"
28067,100279,"Hattiesburg-Laurel, MS"
37165,100246,"Fayetteville-Sanford-Lumberton, NC"
20045,100312,"Kansas City-Overland Park-Kansas City, MO-KS"
47099,100400,"Nashville-Davidson--Murfreesboro, TN"
40031,30020,"Lawton, OK"
40033,30020,"Lawton, OK"
29105,30060,"Lebanon, MO"
33009,30100,"Lebanon, NH-VT"
33019,30100,"Lebanon, NH-VT"
50017,30100,"Lebanon, NH-VT"
50027,30100,"Lebanon, NH-VT"
42075,100276,"Harrisburg-York-Lebanon, PA"
48219,100352,"Lubbock-Plainview-Levelland, TX"
42119,100146,"Bloomsburg-Berwick-Sunbury, PA"
47117,100400,"Nashville-Davidson--Murfreesboro, TN"
16069,30300,"Lewiston, ID-WA"
53003,30300,"Lewiston, ID-WA"
23001,100438,"Portland-Lewiston-South Portland, ME"
42087,30380,"Lewistown, PA"
31047,30420,"Lexington, NE"
31073,30420,"Lexington, NE"
21017,100336,"Lexington-Fayette--Richmond--Frankfort, KY"
21049,100336,"Lexington-Fayette--Richmond--Frankfort, KY"
21067,100336,"Lexington-Fayette--Richmond--Frankfort, KY"
21113,100336,"Lexington-Fayette--Richmond--Frankfort, KY"
21209,100336,"Lexington-Fayette--Richmond--Frankfort, KY"
21239,100336,"Lexington-Fayette--Richmond--Frankfort, KY"
20175,30580,"Liberal, KS"
39003,100338,"Lima-Van Wert-Celina, OH"
17107,100522,"Springfield-Jacksonville-Lincoln, IL"
31109,100339,"Lincoln-Beatrice, NE"
31159,100339,"Lincoln-Beatrice, NE"
5045,100340,"Little Rock-North Little Rock, AR"
5053,100340,"Little Rock-North Little Rock, AR"
5085,100340,"Little Rock-North Little Rock, AR"
5105,100340,"Little Rock-North Little Rock, AR"
5119,100340,"Little Rock-North Little Rock, AR"
5125,100340,"Little Rock-North Little Rock, AR"
42035,100558,"Williamsport-Lock Haven, PA"
16041,30860,"Logan, UT-ID"
49005,30860,"Logan, UT-ID"
18017,30900,"Logansport, IN"
21051,30940,"London, KY"
21121,30940,"London, KY"
21125,30940,"London, KY"
21235,30940,"London, KY"
48183,30980,"Longview, TX"
48203,30980,"Longview, TX"
48401,30980,"Longview, TX"
48459,30980,"Longview, TX"
53015,100440,"Portland-Vancouver-Salem, OR-WA"
35028,100106,"Albuquerque-Santa Fe-Las Vegas, NM"
6059,100348,"Los Angeles-Long Beach, CA"
6037,100348,"Los Angeles-Long Beach, CA"
18019,100350,"Louisville/Jefferson County--Elizabethtown--Bardstown, KY-IN"
18043,100350,"Louisville/Jefferson County--Elizabethtown--Bardstown, KY-IN"
18061,100350,"Louisville/Jefferson County--Elizabethtown--Bardstown, KY-IN"
18175,100350,"Louisville/Jefferson County--Elizabethtown--Bardstown, KY-IN"
21029,100350,"Louisville/Jefferson County--Elizabethtown--Bardstown, KY-IN"
21103,100350,"Louisville/Jefferson County--Elizabethtown--Bardstown, KY-IN"
21111,100350,"Louisville/Jefferson County--Elizabethtown--Bardstown, KY-IN"
21185,100350,"Louisville/Jefferson County--Elizabethtown--Bardstown, KY-IN"
21211,100350,"Louisville/Jefferson County--Elizabethtown--Bardstown, KY-IN"
21215,100350,"Louisville/Jefferson County--Elizabethtown--Bardstown, KY-IN"
48107,100352,"Lubbock-Plainview-Levelland, TX"
48303,100352,"Lubbock-Plainview-Levelland, TX"
48305,100352,"Lubbock-Plainview-Levelland, TX"
26105,31220,"Ludington, MI"
48005,31260,"Lufkin, TX"
37155,100246,"Fayetteville-Sanford-Lumberton, NC"
51009,31340,"Lynchburg, VA"
51011,31340,"Lynchburg, VA"
51019,31340,"Lynchburg, VA"
51031,31340,"Lynchburg, VA"
51680,31340,"Lynchburg, VA"
17109,31380,"Macomb, IL"
13021,100356,"Macon-Bibb County--Warner Robins, GA"
13079,100356,"Macon-Bibb County--Warner Robins, GA"
13169,100356,"Macon-Bibb County--Warner Robins, GA"
13207,100356,"Macon-Bibb County--Warner Robins, GA"
13289,100356,"Macon-Bibb County--Warner Robins, GA"
6039,100260,"Fresno-Madera-Hanford, CA"
18077,31500,"Madison, IN"
55021,100357,"Madison-Janesville-Beloit, WI"
55025,100357,"Madison-Janesville-Beloit, WI"
55045,100357,"Madison-Janesville-Beloit, WI"
55049,100357,"Madison-Janesville-Beloit, WI"
21107,31580,"Madisonville, KY"
5027,31620,"Magnolia, AR"
36033,31660,"Malone, NY"
5059,100284,"Hot Springs-Malvern, AR"
33011,100148,"Boston-Worcester-Providence, MA-RI-NH-CT"
20061,31740,"Manhattan, KS"
20149,31740,"Manhattan, KS"
20161,31740,"Manhattan, KS"
55071,31820,"Manitowoc, WI"
27013,100359,"Mankato-New Ulm, MN"
27103,100359,"Mankato-New Ulm, MN"
39139,100360,"Mansfield-Ashland-Bucyrus, OH"
39167,100425,"Parkersburg-Marietta-Vienna, WV-OH"
26109,100361,"Marinette-Iron Mountain, WI-MI"
55075,100361,"Marinette-Iron Mountain, WI-MI"
18053,31980,"Marion, IN"
37111,100120,"Asheville-Marion-Brevard, NC"
39101,100198,"Columbus-Marion-Zanesville, OH"
26103,32100,"Marquette, MI"
27083,32140,"Marshall, MN"
29195,32180,"Marshall, MO"
19127,32260,"Marshalltown, IA"
47183,100362,"Martin-Union City, TN"
51089,32300,"Martinsville, VA"
51690,32300,"Martinsville, VA"
29147,32340,"Maryville, MO"
19033,32380,"Mason City, IA"
19195,32380,"Mason City, IA"
72067,100364,"Mayagüez-San Germán, PR"
72083,100364,"Mayagüez-San Germán, PR"
72097,100364,"Mayagüez-San Germán, PR"
21083,100424,"Paducah-Mayfield, KY-IL"
21161,100178,"Cincinnati-Wilmington-Maysville, OH-KY-IN"
40121,32540,"McAlester, OK"
48215,100365,"McAllen-Edinburg, TX"
28113,32620,"McComb, MS"
47177,32660,"McMinnville, TN"
20113,32700,"McPherson, KS"
42039,100240,"Erie-Meadville, PA"
41029,100366,"Medford-Grants Pass, OR"
5035,100368,"Memphis-Forrest City, TN-MS-AR"
28033,100368,"Memphis-Forrest City, TN-MS-AR"
28093,100368,"Memphis-Forrest City, TN-MS-AR"
28137,100368,"Memphis-Forrest City, TN-MS-AR"
28143,100368,"Memphis-Forrest City, TN-MS-AR"
47047,100368,"Memphis-Forrest City, TN-MS-AR"
47157,100368,"Memphis-Forrest City, TN-MS-AR"
47167,100368,"Memphis-Forrest City, TN-MS-AR"
55033,100232,"Eau Claire-Menomonie, WI"
6047,100488,"San Jose-San Francisco-Oakland, CA"
28023,32940,"Meridian, MS"
28069,32940,"Meridian, MS"
28075,32940,"Meridian, MS"
29007,100190,"Columbia-Moberly-Mexico, MO"
40115,100309,"Joplin-Miami, MO-OK"
12011,100370,"Miami-Port St. Lucie-Fort Lauderdale, FL"
12086,100370,"Miami-Port St. Lucie-Fort Lauderdale, FL"
12099,100370,"Miami-Port St. Lucie-Fort Lauderdale, FL"
18091,100176,"Chicago-Naperville, IL-IN-WI"
21013,33180,"Middlesborough, KY"
26111,100474,"Saginaw-Midland-Bay City, MI"
48317,100372,"Midland-Odessa, TX"
48329,100372,"Midland-Odessa, TX"
13009,33300,"Milledgeville, GA"
13141,33300,"Milledgeville, GA"
55079,100376,"Milwaukee-Racine-Waukesha, WI"
55089,100376,"Milwaukee-Racine-Waukesha, WI"
55131,100376,"Milwaukee-Racine-Waukesha, WI"
55133,100376,"Milwaukee-Racine-Waukesha, WI"
22119,100508,"Shreveport-Bossier City-Minden, LA"
48363,100206,"Dallas-Fort Worth, TX-OK"
27003,100378,"Minneapolis-St. Paul, MN-WI"
27019,100378,"Minneapolis-St. Paul, MN-WI"
27025,100378,"Minneapolis-St. Paul, MN-WI"
27037,100378,"Minneapolis-St. Paul, MN-WI"
27053,100378,"Minneapolis-St. Paul, MN-WI"
27059,100378,"Minneapolis-St. Paul, MN-WI"
27079,100378,"Minneapolis-St. Paul, MN-WI"
27095,100378,"Minneapolis-St. Paul, MN-WI"
27123,100378,"Minneapolis-St. Paul, MN-WI"
27139,100378,"Minneapolis-St. Paul, MN-WI"
27141,100378,"Minneapolis-St. Paul, MN-WI"
27163,100378,"Minneapolis-St. Paul, MN-WI"
27171,100378,"Minneapolis-St. Paul, MN-WI"
55093,100378,"Minneapolis-St. Paul, MN-WI"
55109,100378,"Minneapolis-St. Paul, MN-WI"
38049,33500,"Minot, ND"
38075,33500,"Minot, ND"
38101,33500,"Minot, ND"
30063,33540,"Missoula, MT"
46035,33580,"Mitchell, SD"
46061,33580,"Mitchell, SD"
29175,100190,"Columbia-Moberly-Mexico, MO"
1097,100380,"Mobile-Daphne-Fairhope, AL"
1129,100380,"Mobile-Daphne-Fairhope, AL"
6099,100488,"San Jose-San Francisco-Oakland, CA"
22067,100384,"Monroe-Ruston, LA"
22073,100384,"Monroe-Ruston, LA"
22111,100384,"Monroe-Ruston, LA"
26115,100220,"Detroit-Warren-Ann Arbor, MI"
1001,100388,"Montgomery-Selma-Alexander City, AL"
1051,100388,"Montgomery-Selma-Alexander City, AL"
1085,100388,"Montgomery-Selma-Alexander City, AL"
1101,100388,"Montgomery-Selma-Alexander City, AL"
8085,33940,"Montrose, CO"
8091,33940,"Montrose, CO"
37031,100404,"New Bern-Morehead City, NC"
22101,100318,"Lafayette-Opelousas-Morgan City, LA"
54061,100390,"Morgantown-Fairmont, WV"
54077,100390,"Morgantown-Fairmont, WV"
47057,100315,"Knoxville-Morristown-Sevierville, TN"
47063,100315,"Knoxville-Morristown-Sevierville, TN"
47089,100315,"Knoxville-Morristown-Sevierville, TN"
16057,100446,"Pullman-Moscow, WA-ID"
53025,100393,"Moses Lake-Othello, WA"
13071,34220,"Moultrie, GA"
5005,34260,"Mountain Home, AR"
16039,100147,"Boise City-Mountain Home-Ontario, ID-OR"
37171,100268,"Greensboro--Winston-Salem--High Point, NC"
54045,100170,"Charleston-Huntington-Ashland, WV-OH-KY"
26073,100394,"Mount Pleasant-Alma, MI"
48063,34420,"Mount Pleasant, TX"
48449,34420,"Mount Pleasant, TX"
21011,100336,"Lexington-Fayette--Richmond--Frankfort, KY"
21165,100336,"Lexington-Fayette--Richmond--Frankfort, KY"
21173,100336,"Lexington-Fayette--Richmond--Frankfort, KY"
17081,34500,"Mount Vernon, IL"
39083,100198,"Columbus-Marion-Zanesville, OH"
53057,100500,"Seattle-Tacoma, WA"
18035,100294,"Indianapolis-Carmel-Muncie, IN"
21035,34660,"Murray, KY"
19139,100209,"Davenport-Moline, IA-IL"
26121,100266,"Grand Rapids-Kentwood-Muskegon, MI"
40101,100538,"Tulsa-Muskogee-Bartlesville, OK"
37019,48900,"Wilmington, NC"
45051,100396,"Myrtle Beach-Conway, SC-NC"
48347,34860,"Nacogdoches, TX"
6055,100488,"San Jose-San Francisco-Oakland, CA"
12021,100163,"Cape Coral-Fort Myers-Naples, FL"
47015,100400,"Nashville-Davidson--Murfreesboro, TN"
47021,100400,"Nashville-Davidson--Murfreesboro, TN"
47037,100400,"Nashville-Davidson--Murfreesboro, TN"
47043,100400,"Nashville-Davidson--Murfreesboro, TN"
47111,100400,"Nashville-Davidson--Murfreesboro, TN"
47119,100400,"Nashville-Davidson--Murfreesboro, TN"
47147,100400,"Nashville-Davidson--Murfreesboro, TN"
47149,100400,"Nashville-Davidson--Murfreesboro, TN"
47159,100400,"Nashville-Davidson--Murfreesboro, TN"
47165,100400,"Nashville-Davidson--Murfreesboro, TN"
47169,100400,"Nashville-Davidson--Murfreesboro, TN"
47187,100400,"Nashville-Davidson--Murfreesboro, TN"
47189,100400,"Nashville-Davidson--Murfreesboro, TN"
22029,35020,"Natchez, MS-LA"
28001,35020,"Natchez, MS-LA"
22069,35060,"Natchitoches, LA"
37049,100404,"New Bern-Morehead City, NC"
37103,100404,"New Bern-Morehead City, NC"
37137,100404,"New Bern-Morehead City, NC"
45071,100192,"Columbia-Orangeburg-Newberry, SC"
18065,100294,"Indianapolis-Carmel-Muncie, IN"
42073,100430,"Pittsburgh-New Castle-Weirton, PA-OH-WV"
9009,100408,"New York-Newark, NY-NJ-CT-PA"
22051,100406,"New Orleans-Metairie-Hammond, LA-MS"
22071,100406,"New Orleans-Metairie-Hammond, LA-MS"
22075,100406,"New Orleans-Metairie-Hammond, LA-MS"
22087,100406,"New Orleans-Metairie-Hammond, LA-MS"
22089,100406,"New Orleans-Metairie-Hammond, LA-MS"
22093,100406,"New Orleans-Metairie-Hammond, LA-MS"
22095,100406,"New Orleans-Metairie-Hammond, LA-MS"
22103,100406,"New Orleans-Metairie-Hammond, LA-MS"
39157,100184,"Cleveland-Akron-Canton, OH"
41041,35440,"Newport, OR"
47029,100315,"Knoxville-Morristown-Sevierville, TN"
27015,100359,"Mankato-New Ulm, MN"
36059,100408,"New York-Newark, NY-NJ-CT-PA"
36103,100408,"New York-Newark, NY-NJ-CT-PA"
34013,100408,"New York-Newark, NY-NJ-CT-PA"
34019,100408,"New York-Newark, NY-NJ-CT-PA"
34027,100408,"New York-Newark, NY-NJ-CT-PA"
34037,100408,"New York-Newark, NY-NJ-CT-PA"
34039,100408,"New York-Newark, NY-NJ-CT-PA"
42103,100408,"New York-Newark, NY-NJ-CT-PA"
34023,100408,"New York-Newark, NY-NJ-CT-PA"
34025,100408,"New York-Newark, NY-NJ-CT-PA"
34029,100408,"New York-Newark, NY-NJ-CT-PA"
34035,100408,"New York-Newark, NY-NJ-CT-PA"
34003,100408,"New York-Newark, NY-NJ-CT-PA"
34017,100408,"New York-Newark, NY-NJ-CT-PA"
34031,100408,"New York-Newark, NY-NJ-CT-PA"
36005,100408,"New York-Newark, NY-NJ-CT-PA"
36047,100408,"New York-Newark, NY-NJ-CT-PA"
36061,100408,"New York-Newark, NY-NJ-CT-PA"
36079,100408,"New York-Newark, NY-NJ-CT-PA"
36081,100408,"New York-Newark, NY-NJ-CT-PA"
36085,100408,"New York-Newark, NY-NJ-CT-PA"
36087,100408,"New York-Newark, NY-NJ-CT-PA"
36119,100408,"New York-Newark, NY-NJ-CT-PA"
26021,100515,"South Bend-Elkhart-Mishawaka, IN-MI"
4023,100536,"Tucson-Nogales, AZ"
31119,35740,"Norfolk, NE"
31139,35740,"Norfolk, NE"
31167,35740,"Norfolk, NE"
31111,35820,"North Platte, NE"
31113,35820,"North Platte, NE"
31117,35820,"North Platte, NE"
12081,100412,"North Port-Sarasota, FL"
12115,100412,"North Port-Sarasota, FL"
18079,100294,"Indianapolis-Carmel-Muncie, IN"
37193,35900,"North Wilkesboro, NC"
39077,100184,"Cleveland-Akron-Canton, OH"
9011,100278,"Hartford-East Hartford, CT"
53029,100500,"Seattle-Tacoma, WA"
12083,36100,"Ocala, FL"
34009,100428,"Philadelphia-Reading-Camden, PA-NJ-DE-MD"
48135,100372,"Midland-Odessa, TX"
49003,100482,"Salt Lake City-Provo-Orem, UT"
49011,100482,"Salt Lake City-Provo-Orem, UT"
49029,100482,"Salt Lake City-Provo-Orem, UT"
49057,100482,"Salt Lake City-Provo-Orem, UT"
36089,36300,"Ogdensburg-Massena, NY"
42121,36340,"Oil City, PA"
12093,36380,"Okeechobee, FL"
40017,100416,"Oklahoma City-Shawnee, OK"
40027,100416,"Oklahoma City-Shawnee, OK"
40051,100416,"Oklahoma City-Shawnee, OK"
40081,100416,"Oklahoma City-Shawnee, OK"
40083,100416,"Oklahoma City-Shawnee, OK"
40087,100416,"Oklahoma City-Shawnee, OK"
40109,100416,"Oklahoma City-Shawnee, OK"
36009,100160,"Buffalo-Cheektowaga-Olean, NY"
53067,100500,"Seattle-Tacoma, WA"
19085,100420,"Omaha-Council Bluffs-Fremont, NE-IA"
19129,100420,"Omaha-Council Bluffs-Fremont, NE-IA"
19155,100420,"Omaha-Council Bluffs-Fremont, NE-IA"
31025,100420,"Omaha-Council Bluffs-Fremont, NE-IA"
31055,100420,"Omaha-Council Bluffs-Fremont, NE-IA"
31153,100420,"Omaha-Council Bluffs-Fremont, NE-IA"
31155,100420,"Omaha-Council Bluffs-Fremont, NE-IA"
31177,100420,"Omaha-Council Bluffs-Fremont, NE-IA"
36077,36580,"Oneonta, NY"
16075,100147,"Boise City-Mountain Home-Ontario, ID-OR"
41045,100147,"Boise City-Mountain Home-Ontario, ID-OR"
22097,100318,"Lafayette-Opelousas-Morgan City, LA"
45075,100192,"Columbia-Orangeburg-Newberry, SC"
12069,100422,"Orlando-Lakeland-Deltona, FL"
12095,100422,"Orlando-Lakeland-Deltona, FL"
12097,100422,"Orlando-Lakeland-Deltona, FL"
12117,100422,"Orlando-Lakeland-Deltona, FL"
55139,100118,"Appleton-Oshkosh-Neenah, WI"
19123,100218,"Des Moines-Ames-West Des Moines, IA"
53001,100393,"Moses Lake-Othello, WA"
17011,100176,"Chicago-Naperville, IL-IN-WI"
17099,100176,"Chicago-Naperville, IL-IN-WI"
17155,100176,"Chicago-Naperville, IL-IN-WI"
20059,100312,"Kansas City-Overland Park-Kansas City, MO-KS"
19179,36900,"Ottumwa, IA"
27147,100378,"Minneapolis-St. Paul, MN-WI"
21059,36980,"Owensboro, KY"
21091,36980,"Owensboro, KY"
21149,36980,"Owensboro, KY"
28071,37060,"Oxford, MS"
6111,100348,"Los Angeles-Long Beach, CA"
1045,100222,"Dothan-Ozark, AL"
17127,100424,"Paducah-Mayfield, KY-IL"
21007,100424,"Paducah-Mayfield, KY-IL"
21139,100424,"Paducah-Mayfield, KY-IL"
21145,100424,"Paducah-Mayfield, KY-IL"
32023,100332,"Las Vegas-Henderson, NV"
12107,100300,"Jacksonville-St. Marys-Palatka, FL-GA"
48001,37300,"Palestine, TX"
12009,37340,"Palm Bay-Melbourne-Titusville, FL"
48179,100108,"Amarillo-Pampa-Borger, TX"
48393,100108,"Amarillo-Pampa-Borger, TX"
12005,37460,"Panama City, FL"
5055,100308,"Jonesboro-Paragould, AR"
47079,37540,"Paris, TN"
48277,37580,"Paris, TX"
54105,100425,"Parkersburg-Marietta-Vienna, WV-OH"
54107,100425,"Parkersburg-Marietta-Vienna, WV-OH"
20099,37660,"Parsons, KS"
4007,100429,"Phoenix-Mesa, AZ"
48163,100484,"San Antonio-New Braunfels-Pearsall, TX"
48301,37780,"Pecos, TX"
48389,37780,"Pecos, TX"
19125,100218,"Des Moines-Ames-West Des Moines, IA"
12033,100426,"Pensacola-Ferry Pass, FL-AL"
12113,100426,"Pensacola-Ferry Pass, FL-AL"
17057,37900,"Peoria, IL"
17123,37900,"Peoria, IL"
17143,37900,"Peoria, IL"
17175,37900,"Peoria, IL"
17179,37900,"Peoria, IL"
17203,37900,"Peoria, IL"
18103,100316,"Kokomo-Peru, IN"
34005,100428,"Philadelphia-Reading-Camden, PA-NJ-DE-MD"
34007,100428,"Philadelphia-Reading-Camden, PA-NJ-DE-MD"
34015,100428,"Philadelphia-Reading-Camden, PA-NJ-DE-MD"
42017,100428,"Philadelphia-Reading-Camden, PA-NJ-DE-MD"
42029,100428,"Philadelphia-Reading-Camden, PA-NJ-DE-MD"
42091,100428,"Philadelphia-Reading-Camden, PA-NJ-DE-MD"
42045,100428,"Philadelphia-Reading-Camden, PA-NJ-DE-MD"
42101,100428,"Philadelphia-Reading-Camden, PA-NJ-DE-MD"
10003,100428,"Philadelphia-Reading-Camden, PA-NJ-DE-MD"
24015,100428,"Philadelphia-Reading-Camden, PA-NJ-DE-MD"
34033,100428,"Philadelphia-Reading-Camden, PA-NJ-DE-MD"
4013,100429,"Phoenix-Mesa, AZ"
4021,100429,"Phoenix-Mesa, AZ"
28109,100406,"New Orleans-Metairie-Hammond, LA-MS"
46065,38180,"Pierre, SD"
46117,38180,"Pierre, SD"
5025,100340,"Little Rock-North Little Rock, AR"
5069,100340,"Little Rock-North Little Rock, AR"
5079,100340,"Little Rock-North Little Rock, AR"
37125,100246,"Fayetteville-Sanford-Lumberton, NC"
20037,38260,"Pittsburg, KS"
42003,100430,"Pittsburgh-New Castle-Weirton, PA-OH-WV"
42005,100430,"Pittsburgh-New Castle-Weirton, PA-OH-WV"
42007,100430,"Pittsburgh-New Castle-Weirton, PA-OH-WV"
42019,100430,"Pittsburgh-New Castle-Weirton, PA-OH-WV"
42051,100430,"Pittsburgh-New Castle-Weirton, PA-OH-WV"
42125,100430,"Pittsburgh-New Castle-Weirton, PA-OH-WV"
42129,100430,"Pittsburgh-New Castle-Weirton, PA-OH-WV"
25003,38340,"Pittsfield, MA"
48189,100352,"Lubbock-Plainview-Levelland, TX"
55043,38420,"Platteville, WI"
36019,38460,"Plattsburgh, NY"
18099,100515,"South Bend-Elkhart-Mishawaka, IN-MI"
16005,38540,"Pocatello, ID"
16077,38540,"Pocatello, ID"
39053,100170,"Charleston-Huntington-Ashland, WV-OH-KY"
54053,100170,"Charleston-Huntington-Ashland, WV-OH-KY"
40071,38620,"Ponca City, OK"
72001,100434,"Ponce-Yauco-Coamo, PR"
72075,100434,"Ponce-Yauco-Coamo, PR"
72113,100434,"Ponce-Yauco-Coamo, PR"
72149,100434,"Ponce-Yauco-Coamo, PR"
17105,100145,"Bloomington-Pontiac, IL"
29023,38740,"Poplar Bluff, MO"
29181,38740,"Poplar Bluff, MO"
35041,100188,"Clovis-Portales, NM"
53009,38820,"Port Angeles, WA"
23005,100438,"Portland-Lewiston-South Portland, ME"
23023,100438,"Portland-Lewiston-South Portland, ME"
23031,100438,"Portland-Lewiston-South Portland, ME"
41005,100440,"Portland-Vancouver-Salem, OR-WA"
41009,100440,"Portland-Vancouver-Salem, OR-WA"
41051,100440,"Portland-Vancouver-Salem, OR-WA"
41067,100440,"Portland-Vancouver-Salem, OR-WA"
41071,100440,"Portland-Vancouver-Salem, OR-WA"
53011,100440,"Portland-Vancouver-Salem, OR-WA"
53059,100440,"Portland-Vancouver-Salem, OR-WA"
48057,100544,"Victoria-Port Lavaca, TX"
12085,100370,"Miami-Port St. Lucie-Fort Lauderdale, FL"
12111,100370,"Miami-Port St. Lucie-Fort Lauderdale, FL"
39145,100170,"Charleston-Huntington-Ashland, WV-OH-KY"
42107,39060,"Pottsville, PA"
36027,100408,"New York-Newark, NY-NJ-CT-PA"
36071,100408,"New York-Newark, NY-NJ-CT-PA"
4025,39150,"Prescott Valley-Prescott, AZ"
49007,39220,"Price, UT"
41013,100140,"Bend-Prineville, OR"
25005,100148,"Boston-Worcester-Providence, MA-RI-NH-CT"
44001,100148,"Boston-Worcester-Providence, MA-RI-NH-CT"
44003,100148,"Boston-Worcester-Providence, MA-RI-NH-CT"
44005,100148,"Boston-Worcester-Providence, MA-RI-NH-CT"
44007,100148,"Boston-Worcester-Providence, MA-RI-NH-CT"
44009,100148,"Boston-Worcester-Providence, MA-RI-NH-CT"
49023,100482,"Salt Lake City-Provo-Orem, UT"
49049,100482,"Salt Lake City-Provo-Orem, UT"
8101,100444,"Pueblo-Cañon City, CO"
53075,100446,"Pullman-Moscow, WA-ID"
12015,100412,"North Port-Sarasota, FL"
17001,100448,"Quincy-Hannibal, IL-MO"
29111,100448,"Quincy-Hannibal, IL-MO"
55101,100376,"Milwaukee-Racine-Waukesha, WI"
37069,100450,"Raleigh-Durham-Cary, NC"
37101,100450,"Raleigh-Durham-Cary, NC"
37183,100450,"Raleigh-Durham-Cary, NC"
46093,100452,"Rapid City-Spearfish, SD"
46103,100452,"Rapid City-Spearfish, SD"
48489,100154,"Brownsville-Harlingen-Raymondville, TX"
42011,100428,"Philadelphia-Reading-Camden, PA-NJ-DE-MD"
6103,100454,"Redding-Red Bluff, CA"
6089,100454,"Redding-Red Bluff, CA"
27049,100378,"Minneapolis-St. Paul, MN-WI"
32029,100456,"Reno-Carson City-Fernley, NV"
32031,100456,"Reno-Carson City-Fernley, NV"
16043,100292,"Idaho Falls-Rexburg-Blackfoot, ID"
16065,100292,"Idaho Falls-Rexburg-Blackfoot, ID"
18177,100458,"Richmond-Connersville, IN"
51007,40060,"Richmond, VA"
51036,40060,"Richmond, VA"
51041,40060,"Richmond, VA"
51053,40060,"Richmond, VA"
51075,40060,"Richmond, VA"
51085,40060,"Richmond, VA"
51087,40060,"Richmond, VA"
51097,40060,"Richmond, VA"
51101,40060,"Richmond, VA"
51127,40060,"Richmond, VA"
51145,40060,"Richmond, VA"
51149,40060,"Richmond, VA"
51183,40060,"Richmond, VA"
51570,40060,"Richmond, VA"
51670,40060,"Richmond, VA"
51730,40060,"Richmond, VA"
51760,40060,"Richmond, VA"
21065,100336,"Lexington-Fayette--Richmond--Frankfort, KY"
21151,100336,"Lexington-Fayette--Richmond--Frankfort, KY"
48427,100365,"McAllen-Edinburg, TX"
6065,100348,"Los Angeles-Long Beach, CA"
6071,100348,"Los Angeles-Long Beach, CA"
56013,40180,"Riverton, WY"
51023,40220,"Roanoke, VA"
51045,40220,"Roanoke, VA"
51067,40220,"Roanoke, VA"
51161,40220,"Roanoke, VA"
51770,40220,"Roanoke, VA"
51775,40220,"Roanoke, VA"
37083,100468,"Rocky Mount-Wilson-Roanoke Rapids, NC"
37131,100468,"Rocky Mount-Wilson-Roanoke Rapids, NC"
17141,100466,"Rockford-Freeport-Rochelle, IL"
27039,100462,"Rochester-Austin, MN"
27045,100462,"Rochester-Austin, MN"
27109,100462,"Rochester-Austin, MN"
27157,100462,"Rochester-Austin, MN"
36051,100464,"Rochester-Batavia-Seneca Falls, NY"
36055,100464,"Rochester-Batavia-Seneca Falls, NY"
36069,100464,"Rochester-Batavia-Seneca Falls, NY"
36073,100464,"Rochester-Batavia-Seneca Falls, NY"
36117,100464,"Rochester-Batavia-Seneca Falls, NY"
36123,100464,"Rochester-Batavia-Seneca Falls, NY"
17007,100466,"Rockford-Freeport-Rochelle, IL"
17201,100466,"Rockford-Freeport-Rochelle, IL"
37153,40460,"Rockingham, NC"
48007,100204,"Corpus Christi-Kingsville-Alice, TX"
56037,40540,"Rock Springs, WY"
37065,100468,"Rocky Mount-Wilson-Roanoke Rapids, NC"
37127,100468,"Rocky Mount-Wilson-Roanoke Rapids, NC"
29161,40620,"Rolla, MO"
13115,100122,"Atlanta--Athens-Clarke County--Sandy Springs, GA-AL"
41019,40700,"Roseburg, OR"
35005,40740,"Roswell, NM"
35027,40760,"Ruidoso, NM"
5115,40780,"Russellville, AR"
5149,40780,"Russellville, AR"
22061,100384,"Monroe-Ruston, LA"
50021,40860,"Rutland, VT"
6017,100472,"Sacramento-Roseville, CA"
6061,100472,"Sacramento-Roseville, CA"
6067,100472,"Sacramento-Roseville, CA"
6113,100472,"Sacramento-Roseville, CA"
4009,40940,"Safford, AZ"
26145,100474,"Saginaw-Midland-Bay City, MI"
27009,100378,"Minneapolis-St. Paul, MN-WI"
27145,100378,"Minneapolis-St. Paul, MN-WI"
49053,41100,"St. George, UT"
20043,100312,"Kansas City-Overland Park-Kansas City, MO-KS"
29003,100312,"Kansas City-Overland Park-Kansas City, MO-KS"
29021,100312,"Kansas City-Overland Park-Kansas City, MO-KS"
29063,100312,"Kansas City-Overland Park-Kansas City, MO-KS"
17005,100476,"St. Louis-St. Charles-Farmington, MO-IL"
17013,100476,"St. Louis-St. Charles-Farmington, MO-IL"
17027,100476,"St. Louis-St. Charles-Farmington, MO-IL"
17083,100476,"St. Louis-St. Charles-Farmington, MO-IL"
17117,100476,"St. Louis-St. Charles-Farmington, MO-IL"
17119,100476,"St. Louis-St. Charles-Farmington, MO-IL"
17133,100476,"St. Louis-St. Charles-Farmington, MO-IL"
17163,100476,"St. Louis-St. Charles-Farmington, MO-IL"
29071,100476,"St. Louis-St. Charles-Farmington, MO-IL"
29099,100476,"St. Louis-St. Charles-Farmington, MO-IL"
29113,100476,"St. Louis-St. Charles-Farmington, MO-IL"
29183,100476,"St. Louis-St. Charles-Farmington, MO-IL"
29189,100476,"St. Louis-St. Charles-Farmington, MO-IL"
29219,100476,"St. Louis-St. Charles-Farmington, MO-IL"
29510,100476,"St. Louis-St. Charles-Farmington, MO-IL"
13039,100300,"Jacksonville-St. Marys-Palatka, FL-GA"
42047,41260,"St. Marys, PA"
39029,100566,"Youngstown-Warren, OH-PA"
41047,100440,"Portland-Vancouver-Salem, OR-WA"
41053,100440,"Portland-Vancouver-Salem, OR-WA"
20143,41460,"Salina, KS"
20169,41460,"Salina, KS"
6053,41500,"Salinas, CA"
10005,100480,"Salisbury-Cambridge, MD-DE"
24039,100480,"Salisbury-Cambridge, MD-DE"
24045,100480,"Salisbury-Cambridge, MD-DE"
24047,100480,"Salisbury-Cambridge, MD-DE"
49035,100482,"Salt Lake City-Provo-Orem, UT"
49045,100482,"Salt Lake City-Provo-Orem, UT"
48235,41660,"San Angelo, TX"
48431,41660,"San Angelo, TX"
48451,41660,"San Angelo, TX"
48013,100484,"San Antonio-New Braunfels-Pearsall, TX"
48019,100484,"San Antonio-New Braunfels-Pearsall, TX"
48029,100484,"San Antonio-New Braunfels-Pearsall, TX"
48091,100484,"San Antonio-New Braunfels-Pearsall, TX"
48187,100484,"San Antonio-New Braunfels-Pearsall, TX"
48259,100484,"San Antonio-New Braunfels-Pearsall, TX"
48325,100484,"San Antonio-New Braunfels-Pearsall, TX"
48493,100484,"San Antonio-New Braunfels-Pearsall, TX"
6073,41740,"San Diego-Chula Vista-Carlsbad, CA"
16017,41760,"Sandpoint, ID"
39043,100184,"Cleveland-Akron-Canton, OH"
37105,100246,"Fayetteville-Sanford-Lumberton, NC"
6001,100488,"San Jose-San Francisco-Oakland, CA"
6013,100488,"San Jose-San Francisco-Oakland, CA"
6075,100488,"San Jose-San Francisco-Oakland, CA"
6081,100488,"San Jose-San Francisco-Oakland, CA"
6041,100488,"San Jose-San Francisco-Oakland, CA"
72023,100364,"Mayagüez-San Germán, PR"
72079,100364,"Mayagüez-San Germán, PR"
72121,100364,"Mayagüez-San Germán, PR"
72125,100364,"Mayagüez-San Germán, PR"
6069,100488,"San Jose-San Francisco-Oakland, CA"
6085,100488,"San Jose-San Francisco-Oakland, CA"
72007,100490,"San Juan-Bayamón, PR"
72009,100490,"San Juan-Bayamón, PR"
72017,100490,"San Juan-Bayamón, PR"
72019,100490,"San Juan-Bayamón, PR"
72021,100490,"San Juan-Bayamón, PR"
72025,100490,"San Juan-Bayamón, PR"
72029,100490,"San Juan-Bayamón, PR"
72031,100490,"San Juan-Bayamón, PR"
72033,100490,"San Juan-Bayamón, PR"
72035,100490,"San Juan-Bayamón, PR"
72037,100490,"San Juan-Bayamón, PR"
72039,100490,"San Juan-Bayamón, PR"
72041,100490,"San Juan-Bayamón, PR"
72045,100490,"San Juan-Bayamón, PR"
72047,100490,"San Juan-Bayamón, PR"
72051,100490,"San Juan-Bayamón, PR"
72053,100490,"San Juan-Bayamón, PR"
72054,100490,"San Juan-Bayamón, PR"
72061,100490,"San Juan-Bayamón, PR"
72063,100490,"San Juan-Bayamón, PR"
72069,100490,"San Juan-Bayamón, PR"
72077,100490,"San Juan-Bayamón, PR"
72085,100490,"San Juan-Bayamón, PR"
72087,100490,"San Juan-Bayamón, PR"
72089,100490,"San Juan-Bayamón, PR"
72091,100490,"San Juan-Bayamón, PR"
72095,100490,"San Juan-Bayamón, PR"
72101,100490,"San Juan-Bayamón, PR"
72103,100490,"San Juan-Bayamón, PR"
72105,100490,"San Juan-Bayamón, PR"
72107,100490,"San Juan-Bayamón, PR"
72119,100490,"San Juan-Bayamón, PR"
72127,100490,"San Juan-Bayamón, PR"
72129,100490,"San Juan-Bayamón, PR"
72135,100490,"San Juan-Bayamón, PR"
72137,100490,"San Juan-Bayamón, PR"
72139,100490,"San Juan-Bayamón, PR"
72143,100490,"San Juan-Bayamón, PR"
72145,100490,"San Juan-Bayamón, PR"
72151,100490,"San Juan-Bayamón, PR"
6079,42020,"San Luis Obispo-Paso Robles, CA"
6087,100488,"San Jose-San Francisco-Oakland, CA"
35049,100106,"Albuquerque-Santa Fe-Las Vegas, NM"
72133,100434,"Ponce-Yauco-Coamo, PR"
6083,42200,"Santa Maria-Santa Barbara, CA"
6097,100488,"San Jose-San Francisco-Oakland, CA"
26033,42300,"Sault Ste. Marie, MI"
13029,100496,"Savannah-Hinesville-Statesboro, GA"
13051,100496,"Savannah-Hinesville-Statesboro, GA"
13103,100496,"Savannah-Hinesville-Statesboro, GA"
42015,42380,"Sayre, PA"
31007,42420,"Scottsbluff, NE"
31157,42420,"Scottsbluff, NE"
31165,42420,"Scottsbluff, NE"
1071,100497,"Scottsboro-Fort Payne, AL"
18143,100350,"Louisville/Jefferson County--Elizabethtown--Bardstown, KY-IN"
42069,42540,"Scranton--Wilkes-Barre, PA"
42079,42540,"Scranton--Wilkes-Barre, PA"
42131,42540,"Scranton--Wilkes-Barre, PA"
5145,100340,"Little Rock-North Little Rock, AR"
53033,100500,"Seattle-Tacoma, WA"
53061,100500,"Seattle-Tacoma, WA"
53053,100500,"Seattle-Tacoma, WA"
12061,100370,"Miami-Port St. Lucie-Fort Lauderdale, FL"
12055,42700,"Sebring-Avon Park, FL"
29159,42740,"Sedalia, MO"
42109,100146,"Bloomsburg-Berwick-Sunbury, PA"
1047,100388,"Montgomery-Selma-Alexander City, AL"
45073,100273,"Greenville-Spartanburg-Anderson, SC"
36099,100464,"Rochester-Batavia-Seneca Falls, NY"
47155,100315,"Knoxville-Morristown-Sevierville, TN"
18071,100294,"Indianapolis-Carmel-Muncie, IN"
55078,100267,"Green Bay-Shawano, WI"
55115,100267,"Green Bay-Shawano, WI"
40125,100416,"Oklahoma City-Shawnee, OK"
55117,43100,"Sheboygan, WI"
37045,100172,"Charlotte-Concord, NC-SC"
47003,100400,"Nashville-Davidson--Murfreesboro, TN"
53045,100500,"Seattle-Tacoma, WA"
56033,43260,"Sheridan, WY"
48181,100206,"Dallas-Fort Worth, TX-OK"
4017,43320,"Show Low, AZ"
22015,100508,"Shreveport-Bossier City-Minden, LA"
22017,100508,"Shreveport-Bossier City-Minden, LA"
22031,100508,"Shreveport-Bossier City-Minden, LA"
39149,100212,"Dayton-Springfield-Kettering, OH"
4003,43420,"Sierra Vista-Douglas, AZ"
29201,100164,"Cape Girardeau-Sikeston, MO-IL"
35017,43500,"Silver City, NM"
19193,43580,"Sioux City, IA-NE-SD"
31043,43580,"Sioux City, IA-NE-SD"
31051,43580,"Sioux City, IA-NE-SD"
46127,43580,"Sioux City, IA-NE-SD"
46083,43620,"Sioux Falls, SD"
46087,43620,"Sioux Falls, SD"
46099,43620,"Sioux Falls, SD"
46125,43620,"Sioux Falls, SD"
48415,43660,"Snyder, TX"
21199,43700,"Somerset, KY"
42111,100306,"Johnstown-Somerset, PA"
6109,43760,"Sonora, CA"
18141,100515,"South Bend-Elkhart-Mishawaka, IN-MI"
26027,100515,"South Bend-Elkhart-Mishawaka, IN-MI"
45083,100273,"Greenville-Spartanburg-Anderson, SC"
46081,100452,"Rapid City-Spearfish, SD"
19041,100517,"Spencer-Spirit Lake, IA"
19059,100517,"Spencer-Spirit Lake, IA"
53063,100518,"Spokane-Spokane Valley-Coeur d'Alene, WA-ID"
53065,100518,"Spokane-Spokane Valley-Coeur d'Alene, WA-ID"
17129,100522,"Springfield-Jacksonville-Lincoln, IL"
17167,100522,"Springfield-Jacksonville-Lincoln, IL"
25011,44140,"Springfield, MA"
25013,44140,"Springfield, MA"
25015,44140,"Springfield, MA"
29043,44180,"Springfield, MO"
29059,44180,"Springfield, MO"
29077,44180,"Springfield, MO"
29167,44180,"Springfield, MO"
29225,44180,"Springfield, MO"
39023,100212,"Dayton-Springfield-Kettering, OH"
28105,44260,"Starkville, MS"
28155,44260,"Starkville, MS"
42027,100524,"State College-DuBois, PA"
13031,100496,"Savannah-Hinesville-Statesboro, GA"
51015,100277,"Harrisonburg-Staunton, VA"
51790,100277,"Harrisonburg-Staunton, VA"
51820,100277,"Harrisonburg-Staunton, VA"
8107,100525,"Steamboat Springs-Craig, CO"
48143,44500,"Stephenville, TX"
8075,44540,"Sterling, CO"
17195,100221,"Dixon-Sterling, IL"
55097,100554,"Wausau-Stevens Point-Wisconsin Rapids, WI"
40119,44660,"Stillwater, OK"
6077,100488,"San Jose-San Francisco-Oakland, CA"
19021,44740,"Storm Lake, IA"
26149,100310,"Kalamazoo-Battle Creek-Portage, MI"
48223,44860,"Sulphur Springs, TX"
13055,100174,"Chattanooga-Cleveland-Dalton, TN-GA"
45027,44940,"Sumter, SC"
45085,44940,"Sumter, SC"
42097,100146,"Bloomsburg-Berwick-Sunbury, PA"
6035,45000,"Susanville, CA"
48353,45020,"Sweetwater, TX"
36053,100532,"Syracuse-Auburn, NY"
36067,100532,"Syracuse-Auburn, NY"
36075,100532,"Syracuse-Auburn, NY"
40021,45140,"Tahlequah, OK"
1121,100142,"Birmingham-Hoover-Talladega, AL"
12039,45220,"Tallahassee, FL"
12065,45220,"Tallahassee, FL"
12073,45220,"Tallahassee, FL"
12129,45220,"Tallahassee, FL"
12053,45300,"Tampa-St. Petersburg-Clearwater, FL"
12057,45300,"Tampa-St. Petersburg-Clearwater, FL"
12101,45300,"Tampa-St. Petersburg-Clearwater, FL"
12103,45300,"Tampa-St. Petersburg-Clearwater, FL"
35055,45340,"Taos, NM"
17021,100522,"Springfield-Jacksonville-Lincoln, IL"
18021,45460,"Terre Haute, IN"
18121,45460,"Terre Haute, IN"
18153,45460,"Terre Haute, IN"
18165,45460,"Terre Haute, IN"
18167,45460,"Terre Haute, IN"
5081,45500,"Texarkana, TX-AR"
5091,45500,"Texarkana, TX-AR"
48037,45500,"Texarkana, TX-AR"
41065,45520,"The Dalles, OR"
12119,100422,"Orlando-Lakeland-Deltona, FL"
13293,100122,"Atlanta--Athens-Clarke County--Sandy Springs, GA-AL"
13275,45620,"Thomasville, GA"
39147,100534,"Toledo-Findlay-Tiffin, OH"
13277,45700,"Tifton, GA"
13257,100122,"Atlanta--Athens-Clarke County--Sandy Springs, GA-AL"
39051,100534,"Toledo-Findlay-Tiffin, OH"
39095,100534,"Toledo-Findlay-Tiffin, OH"
39123,100534,"Toledo-Findlay-Tiffin, OH"
39173,100534,"Toledo-Findlay-Tiffin, OH"
20085,45820,"Topeka, KS"
20087,45820,"Topeka, KS"
20139,45820,"Topeka, KS"
20177,45820,"Topeka, KS"
20197,45820,"Topeka, KS"
9005,100408,"New York-Newark, NY-NJ-CT-PA"
26019,45900,"Traverse City, MI"
26055,45900,"Traverse City, MI"
26079,45900,"Traverse City, MI"
26089,45900,"Traverse City, MI"
34021,100408,"New York-Newark, NY-NJ-CT-PA"
1109,45980,"Troy, AL"
6057,100472,"Sacramento-Roseville, CA"
4019,100536,"Tucson-Nogales, AZ"
47031,46100,"Tullahoma-Manchester, TN"
47051,46100,"Tullahoma-Manchester, TN"
47127,46100,"Tullahoma-Manchester, TN"
40037,100538,"Tulsa-Muskogee-Bartlesville, OK"
40111,100538,"Tulsa-Muskogee-Bartlesville, OK"
40113,100538,"Tulsa-Muskogee-Bartlesville, OK"
40117,100538,"Tulsa-Muskogee-Bartlesville, OK"
40131,100538,"Tulsa-Muskogee-Bartlesville, OK"
40143,100538,"Tulsa-Muskogee-Bartlesville, OK"
40145,100538,"Tulsa-Muskogee-Bartlesville, OK"
28057,100539,"Tupelo-Corinth, MS"
28081,100539,"Tupelo-Corinth, MS"
28115,100539,"Tupelo-Corinth, MS"
28117,100539,"Tupelo-Corinth, MS"
1063,46220,"Tuscaloosa, AL"
1065,46220,"Tuscaloosa, AL"
1107,46220,"Tuscaloosa, AL"
1125,46220,"Tuscaloosa, AL"
16053,46300,"Twin Falls, ID"
16083,46300,"Twin Falls, ID"
48423,100540,"Tyler-Jacksonville, TX"
6045,46380,"Ukiah, CA"
45087,100273,"Greenville-Spartanburg-Anderson, SC"
47131,100362,"Martin-Union City, TN"
39021,100212,"Dayton-Springfield-Kettering, OH"
15003,46520,"Urban Honolulu, HI"
36043,46540,"Utica-Rome, NY"
36065,46540,"Utica-Rome, NY"
48463,46620,"Uvalde, TX"
13027,46660,"Valdosta, GA"
13101,46660,"Valdosta, GA"
13173,46660,"Valdosta, GA"
13185,46660,"Valdosta, GA"
6095,100488,"San Jose-San Francisco-Oakland, CA"
39161,100338,"Lima-Van Wert-Celina, OH"
46027,46820,"Vermillion, SD"
49047,46860,"Vernal, UT"
48487,46900,"Vernon, TX"
28149,100298,"Jackson-Vicksburg-Brookhaven, MS"
48175,100544,"Victoria-Port Lavaca, TX"
48469,100544,"Victoria-Port Lavaca, TX"
13209,47080,"Vidalia, GA"
13279,47080,"Vidalia, GA"
18083,47180,"Vincennes, IN"
34011,100428,"Philadelphia-Reading-Camden, PA-NJ-DE-MD"
25007,47240,"Vineyard Haven, MA"
37029,100545,"Virginia Beach-Norfolk, VA-NC"
37053,100545,"Virginia Beach-Norfolk, VA-NC"
37073,100545,"Virginia Beach-Norfolk, VA-NC"
51073,100545,"Virginia Beach-Norfolk, VA-NC"
51093,100545,"Virginia Beach-Norfolk, VA-NC"
51095,100545,"Virginia Beach-Norfolk, VA-NC"
51115,100545,"Virginia Beach-Norfolk, VA-NC"
51175,100545,"Virginia Beach-Norfolk, VA-NC"
51199,100545,"Virginia Beach-Norfolk, VA-NC"
51550,100545,"Virginia Beach-Norfolk, VA-NC"
51620,100545,"Virginia Beach-Norfolk, VA-NC"
51650,100545,"Virginia Beach-Norfolk, VA-NC"
51700,100545,"Virginia Beach-Norfolk, VA-NC"
51710,100545,"Virginia Beach-Norfolk, VA-NC"
51735,100545,"Virginia Beach-Norfolk, VA-NC"
51740,100545,"Virginia Beach-Norfolk, VA-NC"
51800,100545,"Virginia Beach-Norfolk, VA-NC"
51810,100545,"Virginia Beach-Norfolk, VA-NC"
51830,100545,"Virginia Beach-Norfolk, VA-NC"
6107,47300,"Visalia, CA"
18169,47340,"Wabash, IN"
48145,47380,"Waco, TX"
48309,47380,"Waco, TX"
27167,100244,"Fargo-Wahpeton, ND-MN"
38077,100244,"Fargo-Wahpeton, ND-MN"
53071,100313,"Kennewick-Richland-Walla Walla, WA"
39011,100338,"Lima-Van Wert-Celina, OH"
13153,100356,"Macon-Bibb County--Warner Robins, GA"
13225,100356,"Macon-Bibb County--Warner Robins, GA"
42123,47620,"Warren, PA"
29101,100312,"Kansas City-Overland Park-Kansas City, MO-KS"
18085,100515,"South Bend-Elkhart-Mishawaka, IN-MI"
18027,47780,"Washington, IN"
37013,100272,"Greenville-Kinston-Washington, NC"
24021,100548,"Washington-Baltimore-Arlington, DC-MD-VA-WV-PA"
24031,100548,"Washington-Baltimore-Arlington, DC-MD-VA-WV-PA"
11001,100548,"Washington-Baltimore-Arlington, DC-MD-VA-WV-PA"
24009,100548,"Washington-Baltimore-Arlington, DC-MD-VA-WV-PA"
24017,100548,"Washington-Baltimore-Arlington, DC-MD-VA-WV-PA"
24033,100548,"Washington-Baltimore-Arlington, DC-MD-VA-WV-PA"
51013,100548,"Washington-Baltimore-Arlington, DC-MD-VA-WV-PA"
51043,100548,"Washington-Baltimore-Arlington, DC-MD-VA-WV-PA"
51047,100548,"Washington-Baltimore-Arlington, DC-MD-VA-WV-PA"
51059,100548,"Washington-Baltimore-Arlington, DC-MD-VA-WV-PA"
51061,100548,"Washington-Baltimore-Arlington, DC-MD-VA-WV-PA"
51107,100548,"Washington-Baltimore-Arlington, DC-MD-VA-WV-PA"
51113,100548,"Washington-Baltimore-Arlington, DC-MD-VA-WV-PA"
51153,100548,"Washington-Baltimore-Arlington, DC-MD-VA-WV-PA"
51157,100548,"Washington-Baltimore-Arlington, DC-MD-VA-WV-PA"
51177,100548,"Washington-Baltimore-Arlington, DC-MD-VA-WV-PA"
51179,100548,"Washington-Baltimore-Arlington, DC-MD-VA-WV-PA"
51187,100548,"Washington-Baltimore-Arlington, DC-MD-VA-WV-PA"
51510,100548,"Washington-Baltimore-Arlington, DC-MD-VA-WV-PA"
51600,100548,"Washington-Baltimore-Arlington, DC-MD-VA-WV-PA"
51610,100548,"Washington-Baltimore-Arlington, DC-MD-VA-WV-PA"
51630,100548,"Washington-Baltimore-Arlington, DC-MD-VA-WV-PA"
51683,100548,"Washington-Baltimore-Arlington, DC-MD-VA-WV-PA"
51685,100548,"Washington-Baltimore-Arlington, DC-MD-VA-WV-PA"
54037,100548,"Washington-Baltimore-Arlington, DC-MD-VA-WV-PA"
39047,100198,"Columbus-Marion-Zanesville, OH"
19013,47940,"Waterloo-Cedar Falls, IA"
19017,47940,"Waterloo-Cedar Falls, IA"
19075,47940,"Waterloo-Cedar Falls, IA"
46029,47980,"Watertown, SD"
46057,47980,"Watertown, SD"
55055,100376,"Milwaukee-Racine-Waukesha, WI"
36045,48060,"Watertown-Fort Drum, NY"
12049,100422,"Orlando-Lakeland-Deltona, FL"
55069,100554,"Wausau-Stevens Point-Wisconsin Rapids, WI"
55073,100554,"Wausau-Stevens Point-Wisconsin Rapids, WI"
13229,48180,"Waycross, GA"
13299,48180,"Waycross, GA"
40039,48220,"Weatherford, OK"
39081,100430,"Pittsburgh-New Castle-Weirton, PA-OH-WV"
54009,100430,"Pittsburgh-New Castle-Weirton, PA-OH-WV"
54029,100430,"Pittsburgh-New Castle-Weirton, PA-OH-WV"
53007,48300,"Wenatchee, WA"
53017,48300,"Wenatchee, WA"
29091,48460,"West Plains, MO"
28025,100200,"Columbus-West Point, MS"
39013,48540,"Wheeling, WV-OH"
54051,48540,"Wheeling, WV-OH"
54069,48540,"Wheeling, WV-OH"
55127,100376,"Milwaukee-Racine-Waukesha, WI"
20015,100556,"Wichita-Winfield, KS"
20079,100556,"Wichita-Winfield, KS"
20173,100556,"Wichita-Winfield, KS"
20191,100556,"Wichita-Winfield, KS"
48009,48660,"Wichita Falls, TX"
48077,48660,"Wichita Falls, TX"
48485,48660,"Wichita Falls, TX"
42081,100558,"Williamsport-Lock Haven, PA"
38105,48780,"Williston, ND"
27067,48820,"Willmar, MN"
37129,48900,"Wilmington, NC"
37141,48900,"Wilmington, NC"
39027,100178,"Cincinnati-Wilmington-Maysville, OH-KY-IN"
37195,100468,"Rocky Mount-Wilson-Roanoke Rapids, NC"
51069,100548,"Washington-Baltimore-Arlington, DC-MD-VA-WV-PA"
51840,100548,"Washington-Baltimore-Arlington, DC-MD-VA-WV-PA"
54027,100548,"Washington-Baltimore-Arlington, DC-MD-VA-WV-PA"
20035,100556,"Wichita-Winfield, KS"
32013,49080,"Winnemucca, NV"
27169,49100,"Winona, MN"
37057,100268,"Greensboro--Winston-Salem--High Point, NC"
37059,100268,"Greensboro--Winston-Salem--High Point, NC"
37067,100268,"Greensboro--Winston-Salem--High Point, NC"
37169,100268,"Greensboro--Winston-Salem--High Point, NC"
37197,100268,"Greensboro--Winston-Salem--High Point, NC"
55141,100554,"Wausau-Stevens Point-Wisconsin Rapids, WI"
40045,49260,"Woodward, OK"
40153,49260,"Woodward, OK"
39169,100184,"Cleveland-Akron-Canton, OH"
9015,100148,"Boston-Worcester-Providence, MA-RI-NH-CT"
25027,100148,"Boston-Worcester-Providence, MA-RI-NH-CT"
27105,49380,"Worthington, MN"
53077,49420,"Yakima, WA"
46135,49460,"Yankton, SD"
72055,100434,"Ponce-Yauco-Coamo, PR"
72059,100434,"Ponce-Yauco-Coamo, PR"
72111,100434,"Ponce-Yauco-Coamo, PR"
72153,100434,"Ponce-Yauco-Coamo, PR"
42133,100276,"Harrisburg-York-Lebanon, PA"
39099,100566,"Youngstown-Warren, OH-PA"
39155,100566,"Youngstown-Warren, OH-PA"
42085,100566,"Youngstown-Warren, OH-PA"
6101,100472,"Sacramento-Roseville, CA"
6115,100472,"Sacramento-Roseville, CA"
4027,49740,"Yuma, AZ"
39119,100198,"Columbus-Marion-Zanesville, OH"
48505,49820,"Zapata, TX"
